2,「膨大なQ&Aの図書館」でしょうか。
2,●質問すれば矛盾した回答ばかりきて  質問するのにちょっと勇気がいる。
2,ＩＤが公開してから、なんか落ち着いたような感じで、真面目な回答が多くなった。いまだに不愉快な発言があったりけっこうしぶといですね。
2,ID非公開あったほうが質問しやすい
2,Yahoo!知恵袋は私にとって、知らない事などをすぐ聞きたい時に聞くことの出来る場所です。たまに、全く関係のないふざけた回答をする方もおられますが、きちんと解答されて私自身が納得や安心することの出来た回答をしていただいた方もおられるので、これからも活用していきたいと思っています。
2,Yahoo!知恵袋自体は雑なシステム作りや若い人独特の知性のなさ、そして、不遜・無礼さに全く信頼はしてはいないがーーーーーー。  ご参集になる方々の中に良い方もキラキラといられるので、楽しみにしている。
2,いつも利用します　役にたちます
2,いろいろな人生が見えて、非常に興味深い。変な人もいるけれど、やはり通勤電車のような公共の場ですよね。
2,いろいろ意見を言い合えるいい場
2,いろんな意見の交換場所。字数制限があるから、簡潔に説明する力をつけるための場所。
2,いろんな人が質問したり回答したり興味があることをもっと深く知ることのですきる場。
2,インフォメーションテクノロジー
2,お互いの疑問を解決しあえる　公共の場・・・
2,かなり変な趣味
2,このような事柄を書くのは初めてですが、  チャット感覚の質問や回答で気軽に出来る反面、正しく回答したいし頭を使う事も多いですね。  質問者、回答者の考えしだいで、無限に広がるのではと言う感覚は私自身そう思っています。    教科書のような、質問、回答も良いですが、この様なサイトは他にあるのでは？  ですから、知恵袋しか味わえない、喜び、笑い、感動、納得、これを命題に広がることを望みます。  ある意味、β番知恵袋の一部のシステムも否定しません。  単に回答や質問検索だけでも楽しいと思えるのが最高です。  とにかく他にないここだけの特徴が欲しいですね。    過去の解決済み検索で、日にち指定、    例えば、特許庁の検索のように、  何月何日〜何月何日までとかです。  さかのぼって検索は　とてもしづらいです。
2,コミュニケーションの場とはとても思えない。質問→返答の一方通行なので、ディスカッションができない
2,ご親切な回答を頂いて、非常に重宝してます。いままでは、質問が多かったのですが、これからは回答できるものはして恩返しし、知恵袋を盛り上げていきたいと思います。
2,その名のとおり「知恵の袋」。聞きたいとき、知りたいときに疑問をすぐに解決できる場所だ。
2,たくさんの知恵袋があり、便利であり、活気があり、非常にすばらしい共同体だと思います。
2,たまにくる。
2,ためになるコミニュティサイトです。
2,ちしきこうかんのば
2,ちょっと気になったけど、友達には聞けないことを聞ける場。
2,とくにない
2,とっても助かります。
2,ドラえもんのポケット
2,どんなつまらない疑問でも，何かしらの回答を得ることができるとても便利な場です。
2,どんな答えが帰って来るかが楽しみな場でもある。
2,なぞの解明
2,ネットの必需品の一部です。
2,パソコン関連で分からないことがあれば簡単に答えにたどり着ける。  ほとんどが解決済みの質問で見つかるからね。  なくても質問すればだいたい教えてくれるし。  あとは好きなジャンル（音楽）で回答して自己満足。
2,ひじょうに便利な機能だとおもう。変な利用者もいるようだが実際はとてもいいひとがいっぱい！
2,ひとことでいえば言葉のボランティアといったかんじでしょうか。
2,ヒマつぶし
2,フレキシブルな百科事典。
2,まあ質問・回答ランドみたいなものですね
2,みんないいひとだからたすかる
2,もう少しメンテナンスをしてほしい
2,よろしく
2,わからないことがサクッとわかるいい場所。
2,わたしにとって必要な情報データベースの1つ。
2,以前のように匿名での投稿も出来るようにするべきではないでしょうか  プライバシーの問題もあるのではないでしょうか
2,何でも教えてくれる場
2,暇つぶし、  かつ  自分の知識を試せる場です。
2,暇つぶし。  ファッション雑誌がわり。
2,暇つぶし・・・・
2,暇つぶしと、聞きたいことが、本当にあるときの場所。
2,解らない事を解決する場であり、また自分の知識が役にたてればいい
2,回答が貰えないと点数が減るという仕様のせいで使いにくい。
2,回答することを繰り返すことにより、自分の考えを精錬する場だと思っています。
2,回答に対する慎重さは必要なものの便利な場所であり  参考意見等が聞ける場でもある大切に育てて下さい。
2,回答を付けても大して貢献度に影響しない、献身度を求められる掲示板。  誤った解答が選ばれることが多いため、誰も回答を付けない質問意外は、あまり教えてあげようという気が起きない。
2,確実な情報が見つからないときに、限りなく正解に近い情報を得るための場所であり、おもしろかったり興味のある質問回答を見る場所でもあり、自分が得意で知識の豊富な分野を活用する場所です。
2,楽しい
2,簡単な事でも分からなくて困る事があります。そうしたとき「Yahoo!知恵袋」は、とっても役に立つと思います。しかし、蓄積されたデータから自分が必要なものを探すのはかなり難しいです。これは検索エンジン全体に言える問題だと思います。知恵袋で質問することが、検索エンジンを使う行為と同じ感覚で行われているように思います
2,間違った答えや質問の意味を取り違えた回答を堂々と  していることがあるのが目に付く。    間違っている回答に、間違っていると指摘できるシステムが  あればと思います。
2,基本的には、回答を参考にさせて頂いています。　最近は、比較的に真面目な回答が多い為、良い勉強になります。
2,気楽にいろんな意見、知識を得ることが出来る場。
2,気軽にいろんなことが聞ける便利な場。
2,気軽にできる質問の場
2,気軽に質問、回答ができる、知恵袋。
2,気軽に質問できる場所
2,気軽に分からない日常の疑問を解決するところ
2,疑問を解決してくれる場
2,疑問を解決できる広場
2,疑問解決の場
2,喫煙所
2,居ながらにして、外部とコンタクトが出来るすばらしいものです。  仕事も退職しており、現在は交流の範囲が狭くなっていますから、そういう意味では知恵袋は大切な道具になっています。
2,教えてgooも経験したことがあります。  教えてgooは、質の高い回答内容や荒らしの少なさ、不適切な削除の早さ等、知恵袋より、優れていると思います。  しかし、知恵袋の良さは、質問、回答数の多さや速さです。  また、気軽に参加できる楽しさ等があります。  ただ、残念なのは、「荒らし」の多さです。  削除や利用制限等の措置を厳しくすること等、何らかの対策で荒らしを排除して頂きたいと思います。
2,興味のある事柄について皆さんがどんな意見を持っているか知りたい。  ですから興味のないカテゴリーはほとんど見ない。
2,緊急で困ったときに回答者の手段や方法がとても役に立ちます。
2,憩いの場
2,憩いの場であり、安らぎの場。
2,今更ひとに聞くのも恥ずかしいような疑問や、  あまりにも幼稚で恥ずかしい悩みを人に聞いてもらう場。
2,困ったときなど、いろいろな回答を頂けるので、気に入っております。
2,困ったときに頼りになる
2,困ったときの頼みの綱！
2,困った時に助かる場所
2,困った時の助け舟的存在
2,最高。
2,最高の場
2,最大の情報源であり最大の暇つぶしの場所。
2,私の知っている掲示板の中で一番信頼できる場所。ただ、中韓に対して非常に批判が猛烈なのが痛いところです。総括的な視点に立ち、一方的な見方をしない意見を書いてもらいたいものです。
2,時間があるときに覗く程度。
2,時間つぶせるし他人の質問や回答も参考になるしとても便利。
2,自己表現の場？ストレス発散に近いかも。
2,自分がわからないことを、のほほんと教えてくれる楽しい場所。
2,自分が気が付きもしない事を知ることができる。雑学知識が増える。一覧性が良いので、愕然と探すにはすぐれている。
2,自分が持ち得ない知識を他人に分け与えてもらう「共有」の場所　だと思う。
2,自分では分からない事を不特定多数の方が教えてくれる。
2,自分で調べずに簡単に解決するのでラク。
2,自分の疑問を投げかける所・自分の知ってることを他人に教えてる所
2,自分の主張を聞いてみたりすることも出来るし、他の人の考え方を自分の視野に留めておくことが出来るのがいいところかな？
2,自分の先生です。
2,自分の知っている事や、経験談を知りたい方に提供できる。  とても嬉しい事だし・・・世の中に役にたってるのかなって思う事があります。    そんな場を与えてくれてる！　好きです！　    　  　　“Yahoo!知恵袋”    スタッフの皆さん！ありがとう　m(__)m
2,自分の知恵を蓄える、
2,自分の知識を深めれるところ。
2,自分の知識を増やしたことと、生活に直結した情報をを入手したいため。
2,自分の知識を増やす場所
2,自分の知識を表現できる場
2,自分の知力を確かめる場。または情報をもらい、その情報を利用したりなどの勉強？の場かな
2,自分の分からないことや気になることを補う場所であり、他人の分からないことや気になることを補ってあげるコミュニティーの場。
2,自分自身の考えを補強する意欲を持たせてくれるのが有り難い。  知識というモノは、結局意欲がないと手に入らない。教える立場に立てば意地でも間違った情報を垂れ流す訳に行かないので勉強する意欲が持てる。それが有り難い。    まあ、結局は自己満足だと分かってはいるけれどね。
2,質問と回答を多くしたい
2,質問と答えのサービスでのコミュニケーションを図ること。
2,質問をやたらに取り消したり、放置してＢＡを付けない人が居り、せっかく調べた内容が知恵袋に反映されないのは残念。  これは知恵袋の考え方に最も反する事であると思う。  何らかの対策を考えてほしい。  正式版に移行したことで、質問・回答における荒しは激減したと思うので、  今度は隠れ荒しとも言える放置質問者・削除質問者の対策を求む。
2,手軽に情報を仕入れることのできる可能性のある場  自分の知識・考えが役に立つかも知れない場
2,重要度は低い
2,助け合いかな。
2,情報の共有
2,情報を交換したり、励ましあったりする場
2,情報源
2,情報源としてとても良いです。
2,情報収集＆息抜きの場。
2,情報収集場
2,色々と自分の知らない未知（無知）の部分があり、それを熟知して行きたい。  質問、回答などをしてコミニケーション、交友など持てればよいかと思います。
2,色々な事が知る事が出来る場所
2,心が休まる場所
2,心の友
2,深夜の荒らしが非常に多い、そこらへんをもっと厳しく対処してほしい
2,身近に質問しやすくお礼を書く義務などサイトから強要されない
2,人と人との交流の場
2,人の意見が聞ける便利な場所
2,人生の先輩方に色々な知識と情報をいただきたい
2,数年間気になって、どうしても知りたかった曲名とアーティストを教えてもらった。  とってもうれしかった。  自分の知識も誰かの役にたてば嬉しい。
2,世間に対して主張できる場。
2,生活に便利、  暇つぶしに便利
2,前のほうが使いやすかった気がします。
2,素朴な疑問から、人に聞けないような疑問まで回答してくれるサイト。
2,素朴な疑問などやいろんな人の意見が聞きたい時にいい解答がたくさんできる。自分も回答者として他人を助けていける。非常にいい場だと思う。
2,相手がわからないので不安もありますが反対に気軽に聞けて回数質問する度に色んな意見ォいただけるので楽しいです。最近では知っている事があれば回答したり出来るようになり益々楽しくなっています。
2,速攻性があるし、色々な考えを聞けることも有意義です、あまりに的外れな意見で笑えることもあるし、そうゆう意味でエンターティメント的でもありますね、できたら作動を軽くしてもらいたいです、入れないことがけっこうあります、色々と今後改善など期待しています、最近のコンテンツでは一番気にっていますし、使えるコンテンツだと思います！
2,多くの人々の悩みや、解決の流れを見て、多くの人々の考え方や自分の判断・知識レベルの尺度を図るひとつの尺度としてみている。  知らないことや、わからないことに対して、大枠で回答をいただけて、解決に役立つこともたくさんあった。
2,大いに期待するＱ＆Ａサイトの一つ。
2,大勢の人の中から、自分の知りたい事を知っている人を捜す場。また、教えてあげることが出来る場。
2,大切な情報源。
2,大変便利です。
2,大変便利で役立っている。  問題を指摘すれば、質問のカテゴリーをもう少し詳しく（アンケートを定期的にとったり）すれば、ヘビーユーザーをこれからも増やすための鍵になると思う。
2,沢山の人の色んな考え方や物の見方が有り、自分の考え方を修正したり或る意味自分を高める為に役立つ事が有り、意味の有る場所だと感じて居ます。
2,知らないことや疑問に感じたことを問い、回答を得る場所。  もし、回答者や質問者とコミュニケーションできれば、いいと思います。
2,知らない世界を知る
2,知りたいことが気軽に聞ける、とても便利なもの。
2,知りたいことを気軽にきける。また、暇つぶしとなる。
2,知りたい事をすぐに教えてもらえる。検索の仕方キーワードなどの知恵がもらえる。
2,知恵の吸収場  知恵の戦争
2,知恵を得たり、他人の趣向を知ることが出来たり、お友達ができたり、そんな感じでいろいろと楽しいところ。
2,知恵を分かち合いたい
2,知恵袋は、大変役に立っています。  何かする時は、気軽に質問しています。  私の行動の判断基準になっています。  今後も大いに活用していきたいです。
2,知識の交差点
2,知識を深める場
2,知識を増やしたり、与えたり、ＢＡを期待しない面白おかしい書きこみもたまに見られる。
2,知識欲旺盛であることを確かめる場。
2,知的感覚のある暇つぶし。
2,調べようがないもの  ネットで検索しても胡散臭いのしか引っかからないこと  緊急を要するもの  ポイントだけ抑えておきたいもの  を調べる時に利用する場．    その恩返し的に，自分の知識も回答する場．
2,特にどの様なと云う事も無く偶然立ち寄ったら面白い場所だったという、二次元の一方通行のコミュニケーションの場 ------といったところでしょうか？
2,日常でちょっと気になった事を確認したり、知るため。　または自分の知ってる事を教えてあげるため。  この気軽さが良いので、有料になったら絶対利用しない。
2,日本最大のコミュニティであるヤフーの質問の場。必ずしも期待した答えがえられるわけではないが、真っ先に質問する場。
2,悩みが解決できる場所
2,脳みそを刺激する場
2,畑で、自分がつくり、人がつくった植物を見て、皆がその成長や失敗に協議する為のミキサーとして存在して欲しい　　公平・平等と感じないとき、争いを起こさないようミキサーで正義を探せるよう、あってほしい。
2,非常に便利なところ。
2,必要な情報を収集する場所です。
2,便利
2,便利な道具。
2,毎日見ています、あと解からない事を聞いています。
2,毎日利用していて本当にお世話になっています。  答えがかなりの確実で返ってきますし、いろいろなジャンル  で質問が出来ます。  本当に理想のサイトです。    ただ一つだけ気になることがあり、  それは質問のカテゴリによって、年齢層や人数に差があることです。  なのでカテゴリに全く関係なくても、  とてもいい解答がもらえることがありますし  カテゴリにあっていても幼稚な解答しかないときもあります。    また、質問の再掲載はあったほうが  よいと思います。  なぜ無くしてしまったのかがきになります。
2,無知の知
2,余暇を楽しむ時間。
2,利用者同士が話し合う場所！
2,良い意味で自分の欲求を満たすことができるところだと思います。
2,良い場所です。
2,例えるなら参加型のバラエティ
1,「教えてｇｏｏ」とは違った場であるべきだと思う。  「知恵袋」のよさはスピードと気軽さだと思う。
1,「仕事の合間に少しでも時間があるとできる社会勉強」と考えています。  ちなみに職業が高校の教員ですので、生徒からの質問で答えることができない場合、ここでよく調べます。もちろん、あとで他の文献や資料も参考にして総合的にこたえますが。  ほかにもふっと思った疑問なども載せています。  また、自分が答えることができそうなものはなるべく答えたいので  暇なときにはみています。
1,◆「Ｙ！トップページ」にしている関係上、簡単に気軽に「質問」が出来るので大いに助かっています。  タ・サイトも利用するとなると「面倒である」ので、とにかくいちばんに「知恵袋」を利用させて頂いている。  関係各位の皆様御身ご自愛にて頑張って下さいませ！！  ありがとうございました。
1,・情報が得られる場  ・語彙力が高まる場  ・「お探しのページは見つかりませんでした」でストレスが溜まる場
1,１．情報の共有と情報交換  ２．日本文化の継承
1,１．知りたいことの解答が比較的直ぐ得られるので調べものをする手段の一つ。  ２．暇つぶしの場。直ぐ削除されるような質問や解答なども暇つぶしに見るのは楽しい。
1,1.無知な人に常識を教える  2.間違いや勘違いを改心してあげる  3.検索でも回答が出てこない事項を質問する
1,2ちゃんねると違い、場にマナーがあるので、親しみやすいです。  わからないことがあったときに解決してくれる救世主？でしょうか。
1,BA集め大好きな場所。
1,ＩＤが公開になり不快な質問、回答が減り良くなって来たと感じます。が、世の中暇な人が多いとも感じました。
1,ID公開になってから　回答が少なくなった遅くなったりしてきましたので、別の所でも同じ質問を入れるようになりました。
1,ID非公開時代の方が、プライバシーを気にせず質問出来て良かった。今も質問したい事項がプライバシーを漏らす事になるため質問を何度も止めている。絶対にID非公開を復活して下さい。お願いします。
1,knowledge sharing.    ベ−タ版の初日から利用させてもらっているヘビーユーザです。  非匿名になってからクオリティが上がってるようで嬉しいです。  教えて!g○○などに負けぬようがんばってください！
1,β版のほうがよかった。
1,あ、「・・・ってなんだろう？」って思ったときに、気軽に質問できてすぐに回答を得られる便利な場です。    ※ただしID公開になってからその気軽さはなくなりました。
1,あくまでも参考ということに止めている。  ただ、意味不明の質問やいいかげんな回答、それに中傷・攻撃などの記載を見ると腹が立つことが多い。削除依頼しても、そのままのことが多く、  所詮は、いい加減なガイドラインであり無法状態であると認識している。  しかし、全てを否定するわけではない、役に立つこともある。何をどう選択するかは自分の価値観によると考えている。
1,アミューズメント性のある雑学吸収場である。営業管理職なので営業自体の知識以外の関連話材を豊富に持ち、客先や部下指導として使用していきたい。
1,いろいろな意見を持つ人がいることを確認できる場
1,いろいろな人の疑問や意見が覗ける掲示板
1,いろんな考えからをしることできる場所。
1,おもしろい！
1,お気に入りの１つ
1,お互いの知識を持ち寄り、助け合うところ。
1,かけこみ寺です。
1,かゆい所に手が届く場！！
1,ガンバレ
1,くだらないことや誰でも知っていて恥ずかしくて聞けないことを聞ける場。逆に自分の得意分野はどんどん発信していきたい。
1,この道３２年の自分の経験を活かして初心者を助けてあげたい。    また自分の知らなかったコトを先輩から教えていただきたい。
1,コミニケーションの場であり、互いの知識の交換の場所。
1,コミュニケーション（ネット上の）難しさを教えてもらいました。
1,すぐに返事がもらえるコミュニティーのようなもの。
1,ストレス解消！
1,その他の検索やサイトでは得られない情報や知識について、現在進行形の回答が得られる。一方で、揚げ足取りや皮肉などの「良心的」とはいえない参加者が多数いることも事実なので、ある程度距離を置いた接し方をしないと不愉快な思いをすることも多い。他の回答者が、まったく的外れな回答をしていたりするのをよくみかけるのだが（それがベストアンサーに選ばれたりしている）それをみると、知恵袋への信頼感は下がりますね。掲示板との差別化を図るほうがよいのでは。
1,ダイレクトに情報・知識を仕入れる場所というよりは質問者や回答者のいろいろな考え方を見られる実験的な場です。
1,ただで暇つぶしをしながら知識や教養を高められる場。  又、自分の知識を他人に役立ててもらうことの出来る場。  又、和みの場。  ただ、荒らしの投稿が多すぎるのには閉口していますし、  時間切れにしてしまう人が多いのには呆れています。  私自身は、自分の質問に対して満足の行く回答が得られなかった場合にも必ずBAを選んでいます。それが答えてくれた方へのマナーだと思いますので。
1,たのしくてためになる
1,ちょっとした質問をする場。ちょっと分かりにくい質問をして、的確な回答がくることはまれなので、答えが一つの質問をする場合の利用している。  回答に対して、疑問を持ったりすることがあるので、教えてグーのようにお礼をするという形式をとるのも一つの手段だと思う。
1,ちょっと検索すればわかる事をわざわざこちらで聞く人、役に立つ質問に選ばれたくてわざとこちらで聞く人が多すぎます。  知恵袋を利用することで怠惰な人が増えるのは非常に宜しくないと思われますので、役に立つ質問の項目を廃止すべきだと考えます。
1,ちょっと知りたいと思った情報を「手軽に」「すばやく」「的確に」入手できる場。  とても貴重でありがたい場です。
1,どうしても思い出せないことなどを、聞けるのはありがたい。    (1)貢献度は当初からの累計で、上位が変わることは殆どなく、累計の上位を  　表示するのは意味がない。月間の上位にすれば、より多くの人が楽しめる。  (2)補足説明や回答のお礼ができず、非常に不便。  (3)ベストアンサーや削除などの率をグラフまで使用して表示しているが、  　ある程度、件数が増えれば変化は殆ど無く、意味がない。
1,どちらかと言うと暇つぶし。かな？
1,とてもいい場所
1,とても参考になります。
1,とても便利でとても満足。
1,とても役にたっています＾＾
1,とりあえず再質問ができなくなったが非常に痛い・・・・
1,どんなマニアックな質問でも、答えてくれる人がいるのはとても頼もしい。  不必要な情報など無いから、見聞を広めるために閲覧しているだけでもかなりの得になります。
1,ないと、非常にさみしく有れば覗きたくなり、  自分の生き字引として、雑学の宝庫として、    大切に利用させていただきます、
1,なかなか結構約に立ちます。　特に、電化製品系の情報などは、カタログ数値では、測れないような、さまざまの意見が、聞けますから。  ただ、あまりにも、ふざけて、くだらない、投稿も、多いような気がしますが。
1,なにげなく思っていた疑問が明確に理解できるいい場だと思う。自分と同じような疑問を持っている人を見るととても好感がもてていい。また、世の中には、すごい人がたくさんいるのだなぁと感心する。自分自身のスキルアップにもつながるしとても役に立つ場だと思う。質問にもありましたが、答えてくれた人にお礼をいいたいこともあるので、そういう場もあればいいと思う。
1,なるべく自分の知識の深い分野で回答したいと思っています。得点やベストアンサーに選ばれると嬉しい感じがします。
1,ネットにおいて、いろんな相談ができる無類の友人みたいなもの。
1,パソコンや旅行でわからないときには便利です。ただ差別発言や、弱者に対しての配慮のない質問や答えが多すぎで、見ていて気分が悪くります。２チャンネルみたいで。このような質問は、質問にさえなっていません。ただたんに、幼稚な自己分析なきの政治的発言ばかりです。はっきりいって目障りです。なぜ貴社のような、今日日本を代表するような会社が、このような卑怯な蛆虫をのさばらせているのかわかりません。インターネットでの公共性について、もうすこし考えていただきたい。あまり目につきすぎて、幾度も高圧的な態度で回答したことか。是非お考えください。
1,ひとの質問を調べるとき、自分にも知識が入る場合が多いので勉強になる。
1,ひまつぶし
1,べんりである。
1,ボランティア
1,ボランティアの場であり、世間を知る場でもある。
1,まさに知恵袋
1,まじめな答えやふざけた奴ら  世の中には（自分も含めて）いろんな人がいるなー
1,まだ始めたてなので、明確な答えを出せない
1,マナーとモラルを守って今後も千恵袋を利用させていただきたいと思います。だから有料化にしないでね。
1,もう少し品のあるところだと助かる
1,ヤフー側の不当な削除が無ければより良いコミュニティーになると思う。
1,わからないことの情報源です。
1,わからないことを教えてくれるところ。
1,以前より使いにくい。  未解決解答したくても解決済みがが先に出るので解答する気がなくなる。
1,意外な事が解かったり、再確認できることがある。時折、冷やかしのような質問・回答がありますが、不快ですね。
1,一種の心のよりどころでもある。
1,一問一答
1,価値観の共有。（哲学、倫理、マナー）  価値観の確かめ合い。
1,暇つぶし
1,暇つぶし
1,暇つぶし。  人に教えるという行為は好きなので絶好の暇つぶしになりますね。  暇つぶしだけに正式版になってからストレスのたまる操作性はやる気をなくしますね。  なぜMY知恵袋の貢献度履歴がなくなったのだろうかとか。
1,暇つぶし。もともと答えを知っていたり、自分が調べれば分かりそうな質問に回答する。
1,暇つぶしが80％と、人助けが10％。  残りの10％は自分がトラブルに合った時に解決を試みる最初の手段。
1,暇つぶしでもあり、必要なときにすぐに答えてくれる便利な場所。
1,暇つぶしと情報収集を兼ねた文化的お遊びである。
1,暇つぶしのときもあれば、自分の知りたいことを知れる場所。
1,暇つぶしのロールプレイングゲーム。
1,暇つぶし以外の何ものでもない。
1,画像診断医の仕事内容を認知してもらう。
1,回答することによって、自分の意見を知ることができる場所。
1,回答するのが楽しく、インターネットで調べるのが面倒なときなどに質問すると、しばらくすれば正確な解答が得られたり、参考サイトなどがはってあったりするので非常に便利である。    ただ、回答するのに質問が適当すぎてわからないことがある。    パソコン関係の質問で、自分のパソコンの情報を書かないなど。
1,回答においては知識と常識の確認・研鑚の場であると思っています。字数制限があるので要領よくコンパクトにまとめて意見(回答)を伝えねばならず普段の国語力を高める意味でも非常に宜しい場所です。あまり使わない口語体を文語体へ代えたり、尊譲語を駆使したりと勉強できる所でもあります(人生・健康相談は時折そうでないものもありますが)。  稀に質問することがあっても過去ログを探し自分で調べてしまいますが、緊急の場合はそうも行かず質問したことがありましたが、緊急度がなくなり再掲載も出来なくなり、回答はなく、止むを得ず他サイトを利用する機会が増えてしまいました。  正式版移行に伴い、ベータ版の頃とは違うと言うことはよく分りますが、「利用」に関してベータ版の良いところを是非盛り込んでいただけますようお願い申し上げます。
1,回答の信憑性はともかく  比較的、早くトラブルシューティングや  雑学の回答が得られるので便利    特に知恵袋を盛り上げたいとは思わない。
1,回答者へのお礼や、補足がないため一方的なコミュニティ。-終わり-
1,回答者や、質問者と連絡がとりたい。
1,楽しい意見交流の場です。
1,楽しい交流の場
1,楽しく知識を得られる所。    おかげで、かなり人生が変わったと言える。
1,楽しむ場所。
1,楽園ですね＾＾
1,簡単に疑問を解決してもらえる場。
1,顔の知らない人でも、自分の困ったときに助けてくれる非常にありがたいものです。これが無くなってしまうと残念でなりません。ぜひとも継続していただきたいです。
1,基本的には暇つぶしの場所
1,忌憚のない回答がもらえるところ。
1,気さくに何でも語り合える場。
1,気になったことが出たときに気軽に質問できる場
1,気楽に質問ができていい。
1,気軽に何時でも意見が求められる貴重な場所。
1,気軽に学ぶこともできる無くてはならない場
1,気軽に参加できるコミュニケーションの場。
1,気軽に使えてとても便利だと思います。これほどたくさんの人の考えが聞けるのは知恵袋しかないので、これからも活用していきたいと思います。
1,気軽に質問、自分の知っていることだけ回答できる、すごく親しみのわくとても良い場と思います。
1,気軽に質問ができ、回答も早くとても便利。
1,気軽に質問できるいいところ
1,気軽に質問できる場
1,気軽に質問できる場。ただし、参考にする程度で、最終決定の判断材料には使えない。
1,気軽に相談できる友人の集合体。
1,気軽に知りたいことを教えてもらう場所。知っていることや意見を他の人に教えてあげる場所。日頃の不正義や反社会的なものを糾弾するところ。
1,疑問に思った事を解決してくれそうな場。  参考にならない、正解だと思っている間違った解答をしている利用者も多い。（自分が持っている正しい知識から判断した場合）  だから参考程度なのかもしれない。  投稿内容にもよるが、回答や意見の正誤を判断するのは自分だから。
1,疑問を解決する場。  自分の知識でこまっている人  に教えてあげる場。
1,共通の話題を突き詰めて議論できる環境。
1,教えてクンの溜まり場。  教えたいヒトと知りたい人の利害が一致した場。  時間つぶしに最適な場。  たまには真面目な回答、役に立つ回答があって良い。
1,教師であり師匠である。時には弁護士であり医者でもある。頼りになる存在である。
1,興味のあるジャンル（個人的な趣味）とビジネスにも関わるジャンルとを利用させていただいています。近ごろ気づいたのですが、ビジネスに関わるジャンル＝為替関係に、どうも業者と思わざるを得ないような質問者、回答者が見受けられます。気のせいとも思いずらい。それがちょっと不快ですね。
1,興味はあるが知らないままウヤムヤにしていた事をハッキリさせることができる場
1,憩いの場
1,掲示板とは違う楽しさがはある。
1,掲示板とは違う使い捨てスレッド  （良くも悪くも）
1,掲示板と同じ様な所もあるし、それで色々わからない事を質問したり、知っている事を回答したり、して自分も知識がつくし、回答した事が役に立てばうれしいです。  あともっとサーバーの負荷がかかってもエラーが出ないように改善して欲しい。
1,掲示板のカテゴリーにない内容を聞ける。
1,掲示板のようなもの
1,掲示板を堅くしたイメージです（しっかりしている）  が、重いです。
1,検索機能では探すことのできない，あやふやな質問，答えがはっきりしない質問などを探すことのできる，非常に便利なところ。  これからも利用していきたい。
1,見ているだけでも楽しいが、質問・回答することで、さらに楽しさが増すと思います。  ただ、明らかに間違った答が、ベストアンサーに選ばれているとがっかりします。
1,現状では暇つぶしです。  ただ、参考URLは助かることが多いので  検索を誰かが代りにやってくれてありがたい  という感覚はあります。
1,広辞苑
1,貢献ポイントをショッピングで利用出来ませんか？
1,貢献度などという意味のない数字を上げようとしている、なんだかなあな自分に出会える所。
1,貢献度やランキングがあるが故に適当に質問に答えている人がいます。良質な回答を求めることは難しいと思いました。少なくとも貢献度がマイナスになっている人は利用削除、ＩＤ削除対象となってしかるべしではないでしょうか。
1,困ったときのたのみずな
1,困ったときの拠り所、知識共有の場。
1,困ったときの頼みの綱。
1,困った時の知恵袋です。
1,困っている時の心の拠り所。  困っている人への助言の場。
1,困っている人を助ける場。ちょっとした気休めの場。
1,最近は、へんな回答がだいぶ減ったとはおもうのでよいが、まともな質問を繰り返している（つもり）なのに、削除されることがあるので、なぜ質問が削除されたか理由を（項目だけでもよいので）知りたいと思う。
1,最近はよく利用しています。点数が上がるのが楽しみです。
1,最近知ったインターネットの面白いコミュニティ
1,最高
1,最終的には人と人との交流になるのかも。  でも、以前の知恵袋はバトル以前の中傷合戦をよくみましたが。
1,採点の判断基準がおかしい気がする時がある。
1,削除隊死ね！
1,参加人数が多そうで、良い人が多いと感じる。
1,参考意見は、残しておきたい。  そのジャンル別に整理なんか出来たら、もっと沢山残せるんですが。
1,仕事のいきぬきになっている。  時間があるときは知恵袋で遊ぶ。
1,仕事やプライベートでも、幅広く活用出来る情報源となっています。  ある意味、インターネットの新しい活用方法を見出したと思います。
1,時間つぶし
1,時間つぶしでもアリ、おしゃべりの場でもある。    また、知識や情報を得る場でもある。
1,時間つぶしの場
1,時間を忘れてしまうので、自粛をも考えながら楽しんでいる。検索が旨くなった。
1,自己啓発と知識の情報や人それぞれの考えを学ぶ
1,自己表現の場
1,自宅に帰ってきてからのホッとするひととき
1,自分が知らないことを調べるために「探す」ことに行き詰まったとき、自分から「たずねる」ことができる場です。
1,自分が知らない事の参考と応用に役立たせたい。  また、知っていることは、教えることにより、参考にしてくれればいい。
1,自分でわからないことについてわりと早い時間である程度の回答が出てくるので便利である。
1,自分にとっての疑問が高い確率で解けるので良い
1,自分の疑問・悩みなどを、いろんな人に聞いてもらって、解決へと導いてくれるような、知恵袋となって欲しい。
1,自分の疑問や質問を解消する場であり、自分の持てる知識を他の人のために回答する場
1,自分の疑問をすぐに返してくれる活用しやすい場！！
1,自分の視点以外の新たな視点を発見できるかもしてない可能性。
1,自分の持っている知識が、誰かのためになるのなら、こんなにうれしいことは無いでしょう。
1,自分の知ってる範囲、又は回答可能なことを答えをして満足しています。  BUに選ばれればうれしいです。  質問も解らない時質問し、まあまあの回答を得ています。
1,自分の知らない事を他人が詳しく説明してくれて、知識を得る事が出来、大変良い場所であると思います。
1,自分の知らない情報がたくさんあるのでいいと思う。これからも活用していきたいな・・・
1,自分の知りたいことや伝えるための効果的で手軽な場。  ある程度の秩序も守れているのでデマや中傷も少なく、楽しんで参加できる。
1,自分の知りたいことを教えてもらえるところ、自分の知っていることなら回答して力添えになれるところ。　・・・かな？
1,自分の知識、考え方の確認と情報収集。
1,自分の知識と世の中の関心ごとをクロストークさせる場所
1,自分の知識の再確認。
1,自分の知識や経験が，誰かの役に立てばいいかな，と。  ＢＡ率とＢＡ数がその証しなわけで。    しかしYahooの評価基準は「質問」に偏重気味。  どんな下らない質問でも確実に30ポイントGetだから，下らない質問の山になる。  「役に立つ」も，質問しか選べないし。役に立つのは質問じゃなくて「回答」ですよ！    評価基準が不透明なのもおかしい。  評価を公表するなら，その基準を明確にすべきでしょ。
1,自分の知識をいろいろな人に提供する事が楽しみです。  また、誤解の多いことはわかりやすく説明して必要なサイトも駆使して客観的な裏づけを示して、正しい情報を伝える一助になりたいです。  掲示板と違い一見さん相手なので、一期一会の気持ちで親身に回答してます。  ベストアンサー率のランキングも出して欲しいですね。  ポイントの多さよりも、中身で勝負するのが私のモットーです。
1,自分の知識を確認する場所
1,自分の知識を活かせる場所。また、他人に知識を提供することによって自分自身の知識も高めることが出来る。    同時に、いろいろな人の考えを知ることが出来るし、自分の知らない情報も容易に得ることが出来る場でもあると思う。
1,自分の知識上のレベルアップをはかる場。  回答を通じて他人に貢献できる場。
1,自由な場所。  鬱憤のはけ口。  犯罪防止、抑制。  ニートの社会参加。  主婦の社交場。  知恵袋。
1,自由に匿名で会話出来る管理の緩やかなサイト。OKWEBのようなサイトは大嫌い。ヤフーが好き。
1,辞書のようなもの
1,辞書やサーチエンジンなどでは  調べにくいものを質問できる場所
1,質問するときは純粋に知りたくて質問している。満足のいく回答が無くても、自分の思っていることと違っていても、誠実に質問に回答してくれた人にベストアンサーをつけているつもりだ。  回答するときは自分の知識の範囲で正確さを心がけている。あとで見直して内容に不満があったり、不正確な回答はすべて削除している。  最近は回答したときは自分の意見感想を書いてストレスを解消している面が大きい。だから、１日たつと、全て削除している。
1,質問する人も解答する人も非常に丁寧な人が多い。  中には本当に深い知識を持っている人もいるのでリピーターとして利用したいと常々思う。    ただ、ポイントの意味がイマイチ分からない。あれば非常に面白いと思うが、このポイントを例えばヤフーの有料コンテンツの利用に充当できるといった貯めるだけでなく何か利用方法があればもっと盛り上がるのではないか？（ポイント目的の人がたくさん出ると思うが・・・。）
1,質問で大きな取り引きに結論を出せたり、自分の知識が受け入れたりする  と嬉しい。介護してる親がいるので楽しい社交場になっています。  今度の新しい知恵袋はＩＤを後悔していて、他の質問を見るとどんな人か  想像出来るのがいいですね！
1,質問に回答するところ。  でもあまりにおふざけ質問があると、嫌になります。
1,質問や回答の場です
1,質問をし、回答をされ、また、回答をし、助け合う場。
1,質問をし回答を得ることで、その質問を自分で調べる上での手がかりをもらっています。  また答えのはっきりしている問題だけでなく、「他人が色々な物事についてどのように考えているのか？」など答えのない思想的なことも知ることができて面白いと思います。
1,質問をする場
1,実に有意義な所でもあり、非常に助かる場所です。    以前、すごく知りたくてずっと疑問に思っていた事を、非常に丁寧に回答してくれました。  その人には本当に感謝しております。  レベルや貢献度が溜るのも１つの楽しみですし。    ただ、回答者にお礼がしたかったのですが、出来なかった事が残念です。  お礼の場を是非設けていただきたいです。    これからも知恵袋を利用させていただきますので、宜しくお願い致します。
1,社交場
1,主にYahoo!オークションのカテゴリーを利用しているが、  質問に対する回答、「そのものズバリ！」がヘルプや過去ログに記載されているのに、  質問者は、自分で調べることをしない人たちが多く、「こうしてトラブルに巻き込まれていくのだな」と実感させられる場。
1,手っ取り早く自分の知りたい情報が得られる場。またただ情報だけでなく多人数の主観的意見が見られる有意義な場。
1,趣味
1,趣味？・・・でしょうか。
1,趣味です
1,趣味の1つ。今は1日1回は覗く。  正式版になってちょっと使い辛くなった所はあるが  まぁ、それは今後改善されて行くと思うので気にしてない。  それより、変な回答が少なくなったのは良い。
1,少しの善意が、ちゃんと少しの形で返ってくる場所。  自分のした以上は期待しないけど、少しの善意でも「ナシ」にはされない場所。
1,詳細な検索をかけるより前に行なう「下調べ」的なもの
1,情報・常識を知る場です。
1,情報ソース
1,情報の集まる場所であり、人々の悩みを解消する場所であり。  人の人生を手助けする事が可能な場所である。
1,情報を知っている人を世界中の中から探せる画期的な場であると思う  実際に自分で調べるよりもはるかに時間を短縮することができたこともある。  また、こちらが回答してベストアンサーをもらうと人のためになったという充実感がある。貢献度を何かに利用できるといいと思う。ベストアンサーの高い人から順に抽出して情報を見たり質問できるといいと思う。
1,情報を得る。  人の考え、主張を知ることができる。
1,情報源
1,情報交換、知恵の交換、抵抗の場所。
1,情報交換の場
1,情報交換の場
1,情報交換の場。
1,情報収集
1,情報収集の場。
1,情報提供の場であり、他者とのコミュニケーションの場です。
1,色んな情報がある場所、でもあいまいな事が多い場所。人の優しさと愚かさが入り混じっている場所です。甘い考えですが、やさしさのみが残れば良いと思っています。
1,色々な情報が集まったり、他の人の意見がよく聞ける場所。
1,色々な知らないことを、気軽に教えてもらえる場。
1,信頼できるQ&Aコーナー。
1,身近で簡単
1,身近な人には聞けない質問が気軽に出来るツール
1,身近に質問しても答えてくれる人がいないので、非常に助かる場です。
1,身近に情報を得るには適していると思いますが、情報の整合性はいつも疑問に感じます。
1,人間一人じゃない、日本中の人が見ていて友達感覚です。
1,人生
1,人様から 知識を得、又、人様に与える場。
1,世の中には、色々な意見や考え方があるんだな〜、と感心します。  そんな場。
1,世の中には物知りってたくさんいるんだな・・・。  そして親切な人もたくさんいる。  たまにへんな人もいる。  そうゆうのがよくわかります。
1,世界（特にカナダやアメリカ）に関する情報を捜し求めている日本の方々に一番新しくそし一番正確な情報を提供出来る大切な場と考えています。そのためにはただの質問に回答するというだけではなく、”コメント”の形でも参加者の皆さんと”意見の交換”が出来るようになれたらもっと素晴らしい事と思います。世界における日本の地位向上に大いに貢献したいと日夜思っています。このようなアンケートに回答できる機会を頂き感謝します。
1,棲家
1,生活の一部です。
1,生活上のバイブル的存在
1,専門的な回答を得られることもあり、非常に良い場と思います。  ただし、質問の中にはちょっと調べれば簡単に回答を得られるものもあるので、質問する側も努力が必要だと思っています。そのような質問は削除する必要はないと思いますが、『もう少し勉強しましょう』といった感じで評価を下げるシステムがあればいいかもしれませんね。  当然、回答者の回答も良くないものもありますので、その辺も何か対策ができれば、もっと良い場になると思います。
1,前の方が良かった。最近のはＩＤが出るせいか質問も回答も見ていて面白くない。
1,息抜き。楽しみ。
1,他人の疑問は自分の疑問に置き換えることができると思います
1,他人の様々な知恵、知識を知る場。正しいかどうかは別にして。
1,多角的な答えを見られ、同世代の意見もしくは一般的な意見を知ることができ、そして回答の利用価値を見分けられる自分の力の向上につながる場だと思う。決して答えを信用することはない。むしろ、その答えを自分が考える材料や指針にしたいと思っている。
1,大きい袋
1,大きな井戸端だと思う。
1,大変良い質問質も参考に成る質問も沢山在りますが、全く常識では考えにくい又質問が漠然として、聴き下手といいますか、質問者の資質を伺いたくなるような内容のものも沢山ありますね。何でも他人の意見で自主性のない質問者も多いような気もします。しかし幅広い人の回答で、技術、趣味、情報では大変、生活の役に立つ便利な、情報収集源にもないます。
1,第２の学校
1,誰に相談したらいいか分からない悩みや、パソコンを使っていて分からない点など、本当に幅広い質問が出来る。  時々、マナーの無い人がいたり、あまり意味のない回答をする人もいるが、大抵の場合は良い回答をもらって、問題が解決されたり、良いアドバイスがもらえる。  独力で調べる事にも限界があり、手段のひとつとして「知恵袋」がある。
1,単なる「質問と回答の場」というだけでなく、  質問と回答を通じて、ひとつのコミャニケーションが楽しめる場と捉えています。  正式版移行にあたり、ＩＤ公開制となったため、  質問者・回答者ともに、相手が識別できるようになったため、  よりコミュニティー的性格が強まったと感じています。  管理者としては、ＩＤ公開制による、このような副作用（？）は歓迎されないかも知れませんが、  繰り返しますけれども  「単なる質問と回答の場ではない、ひとつのコミュニティー」  という性格を、利用者は楽しんでいるという点を汲んでいただき、  今後の管理・運営に反映していただければと思います。
1,単なる暇つぶし。  ほとんどオークションのカテゴリー内にいます。  ここなら、回答のできる質問が多いので居心地がいいです。
1,単なる趣味の領域です。けど、無くなると悲しいです。
1,知っている人が近くにいない時に、気楽に聞ける場所。予備知識を得るのにちょうど良いと思います。いつまでも無料でてください。
1,知らないことを知る手段のひとつではあるが、その回答をヒントに他（もっと信憑性のあるところ）で正解を導き出すための、あくまでもヒント（過程）以上に  利用してはいけないもの。正解が出てこなければすべて白紙という位置付けにしています。
1,知らない事を教えてくれる便利な辞典。  知ってる事を他人に教えられる先生になれる。
1,知らない知識や思いもかけない答えが比較的簡単に手に入るので、  大変便利です。また通り一遍の情報と違い、経験者の方の語る口語体に  近い言葉は非常に説得力があり、共感できる部分も多いです。  自分が答える場合、必ずしもベストアンサーになるのが目的ではなく、  それよりむしろ広く他の方の答えを知るための「呼び水」的な要素に  なるのでは、と考えています。ですから、後から思うと中途半端な知識や  考えで答えたものが「ベスト」に選ばれると、むしろ心苦しいものが…（汗。  また質問も答えも一種の遊び感覚があり、非常に嵌まります。  ですので、やり過ぎないように気をつけています。    蛇足ですが、自分が答えた質問に関してはベスト・非ベストに関わらず、  自由に閲覧できるとなおいいですね。
1,知らなかった事を解決してくれる手助けをしてくれる
1,知りたいことや分からない事があるとき非常に役立つし、その上楽しく暇つぶしのもなるのでこれからも無くならないでほしいです。
1,知りたい情報を得るのに必須。
1,知ることのできる場所。いいところだと思う。
1,知恵の溜まり場
1,知恵や知識を出し合う場。知恵・知識の交換場。
1,知恵袋の質問・回答のデータベース検索が出来ると便利です。
1,知恵袋の存在は偶然で知りました。  ヤフーのトップに知恵袋という文字があるのは知っていたけれど、長い間全く関心がありませんでした。      多数の人に対し、ダイレクトに質問ができるシステムは画期的だと思いました。使い始めて初めて分かったことです。  そのことを知らなかったから、知恵袋の存在に関心が無かったのです。
1,知恵袋の名のとおり、知りたい知識や情報を他人に知れることなく尋ねる事ができる。また、自分の知ってることは偉ぶることなく回答をしてあげられる。
1,知識・知恵の情報交換、コミュニケーションの場だと思っています。
1,知識のやりとりがこんなに面白いとは思いませんでした。  まあ、このシステムでは荒らしの発生は避けられないのですが、  それを差し引いてもとても面白いです！  これからも利用させていただきますので宜しくお願いします。
1,知識や考え方、世間を知る場であり、日常のストレス解消の場だと自分に  とってはそう思います。時々、いたずら投稿などが見受けられるのが不快であり残念です。
1,知識や情報の共有の場。
1,知識を得ながらあるいは与えながら時間がつぶせる場所。
1,知識を得る場所。
1,知人に聞くのは恥かしい、あるいは、面倒臭いことでも、気軽に質問できる。
1,知的好奇心の探求。暇つぶし。悩みの解消。
1,得意分野で、最大限に貢献をする場であると思う。
1,難しい質問の場合回答がかなり長文になることがあります。  その際文字数制限があるため、詳しくかけないことが結構あります。  できれば、長文の規制が無くなればいいと思います。    他人とのコミュニケーションには最適な場だと思うこれからも利用したいとは思う。
1,日ごろの疑問や、ふと浮かんだ疑問を解決し、また自分の知っている知識で回答を楽しみたい。
1,日常のふとした疑問の答えが得られる便利な所。  暇つぶしに持ってこい。
1,日常生活でよくわからないことを質問できるコミュニティ。
1,日々出てくる疑問の答えを知るためにする、情報収集の一つ。
1,日本全国、老若男女幅の広いネットワークでいろんな判らないこと知りたいことがすぐにわかる。。。すばらしい。。。
1,悩みや疑問の解決方法のひとつ。
1,判らないこと聞くには便利ですね。と、以前みたいに変なのが居なくなったのでいいですよ。
1,非常に助かるなかなか人には聞けないことがあるから
1,非常に便利なツールの一つ。
1,非常に役にたっています。友人等に聞いても分からなかった時に、ここで情報を聞き助かった事が多々あります。ベータ版ではふざけた回答や冷やかしも多かったですが、正式版になってそれも減り良かったと思います。
1,非常に役に立つ場所であると考えています。  また、自己満足かもしれませんが、困っている人に  自分の知識で役に立てると気持ちがいいです。
1,必要な情報・回答が判明する場。
1,普段は接することのない人たち（世代、職業などが異なる人たち）の話を聞くことができる場。
1,普通では調べることができないことも解明できることがある便利な場所
1,分からないことを質問する場。　迷っていることについてヒントをもらう場。　自分の知っていることについては教える場。　ギブアンドテイクが成り立つべき場。
1,文章表現の練習の場。
1,別になんでもない
1,偏った考え方から脱する事の出来る場所。  他人の色々な考え方（偏見やカラカイも含め）を知る事で  自分の視野を広げられる場。
1,便利だし、楽しいです。  知識の面以外でも、色々勉強になると感じています。
1,便利なツール
1,便利なところ、難しいクイズ問題がいくつもあるところ(しかも答えて人の役に立つ)
1,本やＨＰだけで無しにみんながどう思っているか、生の声を聞いてみたい。  特に食事場所等。
1,本当に世の中は広い。思いがけない質問をみて驚いたり、感心したり思わず長い時間パソコンに向かっています。又、回答をみて、すごい専門家がいるものだなあ、よく知ってるなあと、感心します、だから私の回答がＢＡになったら、ああ、喜んでくれる人がいたのだ、ととてもうれしくなります。
1,毎日の楽しみです。
1,面白い。参考になることが多く、他の人の思考に勉強させられることもあります。  回答したのに期限切れが来て、貢献度が下がるのは納得できません。質問者にペナルティーを与えるべきです。
1,面白いと思う質問を調べて回答し、自分の知識にもすることが出来る場所。
1,目に見えない相談相手なので気兼ねなく何でも相談に乗りたいし乗ってもらいたい！！
1,役にも立つし暇つぶしにもなる。
1,役に立ってます
1,役に立つ回答をおおいに参考にさせて頂いてます。  私自信、わからない事も解決の糸口となっています。    しかし、過去にあった質問が良く出ている（違う質問者による）のには、少々、うんざりさせられます。  もっと検索機能を使うように、うながして頂きたいです。
1,友達には聞きにくい質問ができ、なおかつみんなの意見が聞けるので非常に良いコンテンツだと思う。
1,予習、復習の場所、ボケ防止  知恵袋についての不満は個人的な考えですが、期限切れの多いこと
1,様々なお知恵を拝借できる場であり憩い・癒しの場でもあります。
1,頼りにしてます！
1,頼りになる掲示板みたいな
1,落ち着く場所です。
1,蒟蒻問答はご勘弁願いたい。
4,「ｇｏｏ」よりも気軽。
4,あまり質問・回答掲示板のようなサイトを他に見ないので、  読んでいるだけでも面白い。  他の掲示板などがあっても、ここより人が賑わっている(？)事がないので、  回答が遅かったり・来なかったりするけど、知恵袋はいっぱい回答・意見がいただけるの嬉しい。  今更他人に訊けないような事も訊けるのはいいところ！  ただ、アダルト…の部類には入らなくても、何か体で起こった事を  質問したい人がいた際に、今のようにニックネームを明かさなくては  ならないのでは訊きにくいだろうなぁと思う。    唯一の情報収集の場所です。
4,いざというとき、ふと疑問に思った時気軽に質問できる場所です。
4,いろいろな考えをもつ方々が居ると再認識する場。
4,いろいろな人たちの意見が聞けてとても楽しく思っています。  時には質問にあまり関係ない回答がまざっていますが、コミニュケーションの場だと思っております。
4,いろんな人がいろんな考えを持っているのがわかり、とてもいいと思う。誰かの質問に回答していて、他の人の回答を見るとこんな意見もあるのかと思うことがよくあります。
4,かなり頼りにしています。  今回の質問は、わらにもすがる思いで致しました。
4,さまざまな知恵を拝借して、助かっています。
4,さまざまな知識を持っている人たちとの交流の場。
4,すぐに答えがわかり便利であると思う。
4,ストレス解消。ベストアンサーが出ると嬉しいです
4,すみません。暇つぶしです。（でも面白いから友達や会社で宣伝してます）    改定前の方が良かった。
4,たいせつ
4,たくさんの人の意見を聞いて、安心したり行動に反映させるツール
4,たまに心無い回答をしてくる人がいるけど、  親身になって回答してくれる人が多数で、とてもいい場だと思ってます。    自分の回答がベストアンサーになっていたり、貢献度があがったり　と、  「人の役に立った」という実感が沸きます。    質問しても回答しても気分が良い場でこれからも毎日利用したいです。
4,ためになるし、自分の知識で他の人の悩みが解決できればいいと思って利用しています。
4,ちょっとしたもやもやした疑問から、重大な疑問まで皆さんがいつも親身になって聞いて、答えてくれるので、とても役立ちます。  いろいろな意見が聞けてとても参考になります。
4,ちょっとした疑問を解決できる場所。
4,とても、面白い所（いい意味で）
4,とても参考になります。  今後も利用していきたいと思っています。
4,とても役にたってます。
4,とても利用しやすく、知恵袋があっていろいろと助かります。  ここで、分からない事もありますが回答者たちの声は世間一般の声とも言えると思うので、悩んでることなどの質問には第３者の意見も聞け新鮮かつ為になります。  それ以外にも、知らない事を知れる場として貴重だと思います。
4,パソコンを開くと必ず「知恵袋」をします。暇つぶし、とも言えますが、楽しいです。
4,ひまつぶし
4,ふと思ったときに気楽に質問ができる
4,ふれあいの場所
4,まさに知恵袋。
4,みんなの情報交換の場だと思います
4,めちゃ便利で大好きな場所！
4,わからないこと、知りたいことがあるときにすぐに  回答が得られる便利な場。
4,わからないことを解消してくれるので、助かっています。
4,わからない事を知ることができる
4,わからない時、困った時、多くの人が知恵を提供してくれる大変便利な場。
4,育児のことなどでよく質問します。  良い回答を沢山いただけるので助かりますが、逆に余計に悩んだり  落ち込んだりすることもあります。  顔が見えないと人は怖いことを言うなあ・・と思ったりすることもあるので  人を傷つけるようなことはなるべく書いて欲しくないです。
4,一言で言うと　便利。
4,何か知りたいことがあったときに、とても役に立っています。
4,何でも辞書
4,暇つぶし
4,暇つぶし。
4,暇つぶし。  こっちが知りたいと思って質問しても  回答がないことが多いので  質問については期待してない。    どっちでもいいけどアレなんだっけ？みたいな友人に電話して聞くほどでもないことはすぐ回答もらえるので嬉しい。
4,回答がはやくて便利
4,回答の正しさの程度は低いが、気軽に書き込めるのか回答を早く頂けるので、方向性を決める場所。あくまで、参考程度に使用。その後その情報が正しいか、調べるし、疑問が残れば別のしっかりした質問サイト(gooなど)に投稿する。    いつのまに無記名で投稿できなく無くなったのか・・・。これでは、気軽さが無くなり、回答数が減るだろうなと不便だと感じた。  まだ無記名になって始めての投稿をしたばかりなので、なんとも言えないのだが。
4,回答の速さはとても嬉しいです。  調べる手段がわからないときには手っ取り早いですし、  これまでも随分助かりました。  一言で言えば力強い味方です。
4,改めて色々な性格の人間がいることを感じさせられる。
4,楽しめます。
4,韓国のドラマや映画に興味があり、こちらのサイトに上がっている作品や、他のレビューのサイトを参考にしています。リニューアルする前は、アンチ韓国の方の書込みが目に付き少し不快でした（自分も韓国大好き〜という程ではないのですが、目に余る書込みもありましたので）が、現在はとても快適です。ただ、過去の質問（他の方の質問）をもう少し多く（件数を）見られるようにしていただければ・・・と思います。
4,気が合う友人や知人の意見だけでなく、いろんな人の意見を聞くことが出来るから、すごく頼りにしてます。
4,気軽にたくさんの意見をもらえる場所
4,気軽に参加できてよい。
4,気軽に参加できる場所です。
4,気軽に質問や回答ができる。
4,気分転換。暇な時。ふと、質問したくなった時便利。
4,疑問に思ってことや、困ったときにとても役にたちます。
4,疑問をすぐに解決できる場所
4,疑問解決の場
4,教えていただくことのありがたみを実感できる場。
4,教科書や参考書に載っていない難題も解決してくれる場
4,緊急に知りたいときや一味違ったことをしたいときなど  いろいろアドバイスがもらえるのが嬉しい。
4,形式が変わったら前より信頼性が増した印象を受けました。
4,憩いの場
4,検索しても調べてみてもどうしても分からなかった場合に  利用させてもらってます。  時々心無い質問や回答があるのが非常に腹立たしいです。  なので自分は突如削除隊と化します。
4,見る分には非常に勉強になります。人の考えがこんなにも違うものかと。  優しい人もいたり、ひねくれた人がいたり。たまに覗かせてもらってます。
4,互いに協力しあえる場だと思っています♪
4,荒らされる掲示板が多いけれどここではそうでもないので利用しやすい。
4,荒れてる。
4,今更他人に聞けないことを、質問できる場と思い、活用させて頂いています。非常に便利です。
4,困ったときに役に立つ
4,困ったときや、気になる事があったときに  すぐ聞く事ができる、まさにおばあちゃんの「知恵袋」  でもおばあちゃんより何でも知ってる「Yahoo！知恵袋」
4,困ったとき家にいながらにして周りの身近な人がわからない疑問を解決してくれるお助け辞書
4,困った時に助けてくれる〜（；^ ^）
4,困った時の神頼みみたいな存在
4,困った時や疑問があった時は、すぐに質問を投稿します。  回答していただいた方の意見に対して返事を書きこめればもっといいのになぁ・・・
4,困った時や悩んでいる時に、親身になって考えてくれる人がいる場所。  友達や親などにも相談できないことでも、気軽に相談できる場所。  一般的なことばかりではなく、体験談として教えてくれる場所。
4,困った時色々な方から情報が得られるのですごく助かるし  自分の知ってる事は回答したい。
4,参考書と同じで役に立つ場です。
4,仕事の合間の息抜きの場
4,仕事中の暇つぶし
4,思い付いたときにすぐに答えを知れる場所
4,私にとって知恵袋は自分の情報源でもあり、悩み事などの相談場所でもあり、非常に楽しく活用させていただいてます。  ちょっと意見なのですが、前のように自分が回答したものも全て見れるようになったらいいなぁと思いました。  自分で回答をしてても他の人の回答を見て、すごくためになったり勉強になるからです。  今よりももっと素晴らしい知恵袋になるよう応援してます。
4,自分が困った時にその事を知っている人に教えてもらえ、なおかつ心強くなれます。決断に困った時も決断できるきっかけになれる場所です。
4,自分が質問したいことに関してすぐに答えがもらえる便利な場所
4,自分が知りたいと思う事をまず過去のデーターで調べてわからなければ回答をする辞書みたいに愛用しています。
4,自分で判断しかねる悩みの時、自分にかかわりない人の意見が知りたい時役立てたいと思います。  自分に解らない事・知らない事を教えて欲しい時使わせていただいてます。  回答する時は、自分で解る事、悩みなら経験で答えられる時に、真面目に答えたいと思います。
4,自分とは違う人の意見を聞けるのはありがたい。
4,自分の好きなジャンルのことについて人にもその知識を分けてあげる場。
4,自分の知らないことを知る場所  自分の知ってることを参考にしてもらう場所
4,辞書のようなもの
4,質問すれば必ず解決できる場．  非常に活用させていただいています．
4,寂しいときいろんな人の考えを見て癒されることもあり、時間が空いたら自分に関係のあるものを見ている。とてもためになることもあり、貴重なページである。
4,手軽に気軽に質問をできて、迅速に回答を得られる場。
4,少し疑問に思った事や、他人に恥ずかしくて聞けない事も教えて貰えるので重宝しています。  ただ、親切に教えてくれる人やそうじゃない人も・・・そこは妥協しています。
4,情報を労力なしで交換できる場です。  助けてもらった分、自分も誰かに貢献したいと思って回答しています。  （ベストアンサーに選ばれたことはないんですけどね笑）
4,情報交換の場。心配事を解決できる。
4,色んな人との交流の場所
4,色んな世代を超えた意見が聞ける場所。
4,色々と面白い情報が見られる場所
4,色々なパターンの回答をいただけるので、自分の視点が偏らなくて良い。
4,色々な事が書いてあり、勉強になる。
4,色々な知識、アイデアの宝庫。
4,心のある回答がもらえる場。
4,正解が無い質問、世の中の動き、それに対して沢山の人の意見が交差出来る場は貴重。
4,専門家（医者や弁護士などなど）に聞くほどではないけれど、気になっていることを聞くのに丁度いいと思います。  特に出産や子育ては手探りなことだらけ。他の人の意見が非常に聞きたいときがあるのでいいと思います。
4,前の、知恵袋のほうがよかったと思う。  前の質問も消えたのが多いし、やりにくい。  質問がでるまでに、１０分かかるというのは遅いと思う。
4,単に気分転換だけで終わるものではなく時に非常に頼りになるものです。
4,知りたいことを気軽に質問できる場。  知ってることを気軽に教えてあげられる場。
4,知りたい事をすぐに教えてもらえる場。
4,知りたい情報をいち早く得られる場。但しその情報が１００％正しいかは不明。
4,知恵を高めるところ。辞典のような存在。
4,知恵袋はすごく便利な場所だと思います
4,知識の豊富な人が集まる非常に役に立つ場。
4,調べても分からないことがすぐ分かるから、便利。いろんなことを知っている人が多い。
4,転勤族で周りの知人が居ないので　お昼間のよき相談相手のひとつだ。    11月の改正で知恵袋が使いにくくなった。  回答件数も少なくなった。  前の方がよい
4,特定ジャンルにおいてまさに知恵者が集まる場。  本当に物知りだなーと感心する一方でどうしてこんな下らない事を聞くのだろうか？というものもある。  ふざけた回答をする人も多く、そういった質問・回答は即座に削除されるべきである。
4,日常において、ちょっと知りたいこと、どうしても思い出せないこと、色々便利で非常に役立ちます。
4,非常に参考になります。
4,必ず誰かが回答をくれるし、比較的その手に詳しい人の回答が多いからすごく助かります。
4,必要な情報を集める場
4,物知りなお母さんのえんちょうです。
4,分からないことを教えてくれる場
4,雰囲気の良い、聞きやすい質問の場？
4,柄が悪いから廃止して頂きたい。２ちゃや知恵って、陰湿な悪口発散場に使っている人が主流で、自分はそんな人間達は日本に必要ないと思うから。  ネッツって便利ですが、悪口に使う人がいるから、掲示板類は世から抹殺された方が良いんじゃないかなあ・・・
4,便利です。  疑問を解決してくれたり、  相談ものってくれるので、頼っています。
4,便利ですが、回答したことが期限切れになったり、変な質問が横行したりする、利用者のマナーがとても気になるところです。    使いづらくはないのですが、真面目に使っていると馬鹿を見ることが多々ある場です。
4,便利なところ、色々な人から解答がもらえる。
4,毎日ではありませんが、仕事あとに暇つぶしで見たり、知りたいことがあるとカテゴリーや言葉で調べて利用します。  自分の知っていることで役に立っていると思うとうれしいです。
4,問題をみんなで解決する場所。
4,役に立つ場所
4,癒し
4,友達とかにいまさら出来ない質問をできる場所。  役にたつこと書いてあることもあるし、ど忘れしたことも簡単にききやすい。  前、続々と変な回答とかを送る人がいたけど、今はそういうのがほとんどなくなってるので、それも嬉しい。  たまに回答をくれた人みんながいいことを言っていて、みんなにベストアンサーつけたい、なんて思うこともありますが。
3,”物知りの人が身近に居れば良いな”を実現した場だと思います。  特に、身近に年長者が居ない場合（親や祖父母・親戚など）、その代わりになってくれる感じがします。
3,「あんたの考えていることはおかしい！！」  というような誹謗中傷のような回答がくるととても哀しい。  ベストアンサーをつける気もなくなるし  しばらく知恵袋を離れたりすることもあります。
3,「トリビアの泉」のような感覚です。
3,「ひまつぶし」の場ではありますが、ゲームよりはためになる有意義な場だと思っています。知りたいことがあっても身近に知っている人がいなければ聞けなかったことが知恵袋のお陰でこんなにも簡単に情報を聞けるので助かっています。
3,ID公開になり少し改善されたような気がします。  ただ、My知恵袋の見方がまだよく理解できていません。
3,ＩＤ制になって治安（？）はよくなったようですね。  でもそれにともなってか回答も減った気がします。  答えるとき、たずねるときにＩＤ表示されるのはいいんですが  自分がした質問から他にどんな質問したのかまで  見れるのはとてもいやです。
3,ID非公開可能であった頃に比べると、格段に利用者層はよくなった。  はてなで質問することを考えれば、まだまだな気はしますが、無償ではこのくらいが限界かなとは思います。  利用者は多いので、回答数は期待できますが、質問の数が多過ぎ、下がるのも早く、あまり見てもらえないなあとも思います。  もっと過去の質問をチェックしてから、新しい質問をたててほしいものですね。  不愉快な回答や質問があまりに多いユーザーに対してはid剥奪くらいのことをしてほしいですね。ほんとのところは...。
3,Yahoo!オークションに関する疑問等は、ここで調べた方が非常に合理的なので、オークション利用者にとってはありがたい場です。
3,あくまで名の通りの知恵袋です。自分の疑問、悩みを不特定多数の人に聞き参考にする。また、少しでも自分が回答できる情報、意見のありそうな質問があれば回答してみる。という場です。  でも、真面目に質問、回答しようとしているのに一部のアラシの人達の質問回答を見てシラけたり不快な気持ちになる事も多いです。  基本的にアラシやツリネタと思われる質問には答えないようにしていますが。
3,いい所  ・どんな質問も気軽に質問できる。  ・色々な人が色々な考え方で答えをくれる。    悪い所  ・ページが表示されるのに時間がかかってイライラする。（混雑時？）  ・顔が見れないからって冷やかしやいたずらをする幼稚な人も多い。
3,いざという時は質問でき、普段は回答することで自分の知識を役立てるｏｒ検索能力を高め、自分の知識にもしていくことができる場。  他の人の質問＆回答も参考になります。
3,いったいコレは何だろう？と、様々な「？」に出会い、身の回りで答えが出ない時や、もっと多くの実際の意見、情報を得るのにとても、参考になるところ。  ただ、リニューアルしてから、見づらくなった。（匿名ではなくなって、心理的にとかではなく、見たい場所が見れないという事。）
3,いまさら人には聞けない質問や、知人には相談できない事などを質問、相談できるので、よく利用させてもらってます。
3,いろいろと為になる勉強の場
3,いろいろなジャンルの情報を仕入れられる便利で楽しい場所。
3,いろいろな意見が聞ける
3,いろいろな考えの人がいるのだなと実感する場所。
3,いろいろな人の意見を幅広く聞ける場だと思います。  自分の質問に対して、厳しい意見や、親切丁寧な意見、色々と回答してもらえるので、問題が客観視することができるようになります。  新しい知恵袋になってから、誹謗中傷や意味不明の回答も減りましたし、以前よりは、良い回答を得られるようになりました。
3,いろいろな分野のその道の玄人さんが回答しているので、信憑性がありとても便利な公の場　といった感じです。
3,いろいろな方と出会い知識を深める場。自分を高める場。
3,いろいろな方の意見が聞けるので  とてもためになる「場」だと思います。
3,いろんな情報源の場
3,いろんな人の意見・知識を聞くことが出来るタメになる場だと思います。  自分の経験や知識から、これが正解だ！と認識していたことが  他の人の感覚では必ずしもそうではない・・と言うのに気付くこともあり  大変勉強になります。
3,いろんな世界を知ることができること。  自分と同じ考えを持っている人もいるという安心感を得る。  自分の知りたいことが即座に解る。
3,いろんな分野でわからないことがすぐに教えてもらえる。  料理レシピなど  いろんな人の考え方がきけて、悩んでいるときに役に立つ
3,インターネットは解らないことだらけなので、気軽に色々な人の意見を聞けて、助かる。
3,オークションに関しての質問など、すぐに回答が欲しい時には重宝しています。
3,オークションのカテでは知識が深まり、力付けてもらい、トラブルがうまく解決しありがたい存在です。時々勉強不足のおしかりも受けますが、その通りなので、素直に反省しています。他のカテでも優しい方が多く、頼れる存在です。
3,おもしろい
3,お互いの知識向上の場と交友の場！
3,かけこみ寺
3,カテゴリーによっては、年齢に相応しないようなレベルの低い人が多く見られますが、少しでも引き上げることに役立てばと思い答えています。
3,カテゴリーによっては今日あった出来事など人や出来事の動きがわかる情報の場所だと思います。
3,かなり助けてもらっています。
3,この年齢（５７歳です）になるといろいろなことを知っていて当たり前ということなのでしょう。  しかしジャンルによってはまったく門外漢のこともあり若い人たちに教えてもらうことも多々あります。  反対に「あら、こんなことも知らないの？それなら情報提供しましょ！」ということもあります。  毎日参加しています。いたずら投稿もすぐ削除されるようで安心して見ています。  これからもよろしくお願いします。
3,さぁ・・・
3,ささやかな自己顕示欲を満たしてくれる場
3,さまざまな立場や考えを知る場。暇つぶしにもなる。
3,すぐに回答がもらえる良い場所。  自分では気づかなかったような内容の回答をしてもらえる。
3,すぐに豊富な知識をお持ちの方から的確なアドバイスをいただけるので大変役に立っております。
3,すごーく信頼しているわけではないが、便利だと思う。  もう少しマナーがいい人が多いといいと思う。締め切らない人が多すぎ！  それから質問から１時間経たなくても締め切れるようにした方が締め切る人も増えると思う。
3,ストレス解消・暇つぶし・困った時の知恵袋頼み
3,ストレス発散。遊び場。
3,ストレス発散と、一人でないということを確認できる場。
3,そのまんま、知恵の袋です。  何か悩みや困ったことがあれば、ここを覗いてます。
3,その名の通り知恵が詰まっていると思います。  しかし、自分の質問に回答がないと、ガッカリすることもあります。
3,たくさんの方の、意見、感じ方、参考になることが多いと想い、参加していますが、時々、不愉快になる回答を見ると、自分が落ち込んでしまいます。多くの世代を相手にしているからでしょうね、少しでも、若い人を理解する場にと思っています。
3,たくさんの方々からの意見や答えを頂けるので参考になりますし、また励まされたりもして、大変役立っています。  これからも、自分の生活になくてはならないサービスだと思っています。
3,ためになることもある、よい暇つぶしの場。
3,ためになるとこ。  感謝してます＾＾
3,たんなる暇つぶし。    会社等では、知恵袋はするが家では、絶対しない。    たまに役に立つときもあるが、ないならないでもいい。
3,チャットや掲示板のようにコミュニケーションをとるところ
3,ちょっとした休息と、知識の交換のできる場所。  でも、何を目的で参加しているのか（ふざけている感じ）わからない人も多く、不愉快に感じることも多い。
3,ちょっとわからないこと、疑問に思ったことを気軽に質問出来て、なおかつ回答が非常識ではないことが多いので安心して遊ばせてもらってます。
3,ちょっとわからない時に助けてもらえるところ  せっかくある知識を活用してもらえるところ    なんとなく読んでしまうところ  （くだらないけど楽しい場所かな？）
3,ちょっと聞きたい事がきける場所。  ただで専門家のコメントがもらえる場合もありその場合大変ためになり、嬉しいし、ラッキーだと思う。
3,とくにオークション関連なのですが、ヘルプだけでは答えの出ない問題にぶつかった時、実際に経験している人からの意見を聞けることが、非常に助かっています。うそも書けるかも知れないけれど、真剣に質問しているから、納得のいく意見をいただく事が多いです。知恵袋が改善される前より今の方が、ふざけたり、人を馬鹿にしたりするような意見は少なくなったように思い、良かったと思います。
3,とっても助かる便利な場所です。
3,とてもいいです。田舎にすんでいますが自分がまだ社会に貢献し参加しているという生き甲斐にもなっています。  社会の裏からの情報も静かに伝わっています。  実際に聞きたくてもきけない、英語の文法等１分間でわかったということもありとても明白になり自信がつきました。健康面でも医者い外の情報などがあり、総合的に全部がベストアンサーでした。ペット情報もしかりです。料理もしかりです。社会にとても貢献している意義のあるものだとおもいます。頑張ってほしいとおもっています。
3,とても楽しいです♪
3,とても居心地のいい空間です。知らなかった事もたくさんあり見ていても楽しいですが、中には常識を疑う人もいらっしゃいますね。これからも出来るだけここに来て回答したいのですが、頚椎を3箇所悪くなってしまい右手がしびれ・だるさもあり、あまり解答は出来ないと思います。でも頑張って遊びに来ます。
3,とても便利で、一回はまってしまうと何でも質問したくなります。  検索してサイトを見つけて調べるよりも便利で早いし、たくさんのひとが見てるから信憑性もあります。  ただ、最近回答数が少ないです。  １件も解答が来なかったことなんてなかったのに、  ちょっと不便になりました。
3,とても便利で楽しい場です。
3,とても便利な場！！
3,とても勉強になります。  これからも利用させていただきます^^
3,とても勉強になります。自分が気づかなかったことを他の人が質問していたりすると「そういえば何でだろう？知らなかったなぁ？？」と言うことがよくあります。すると何ともう答えがある！すごく得した気分になります。  あとは自分と同じような境遇の人に、体験を通じて思ったこと・分かったことを伝えることで役に立てること。それは勉強や知識だけでは回答できないような心の問題など。これからもいっぱ〜い質問・回答したいと思っています。
3,とても役にたち、これからもつづけてほしい
3,とても役にたつサイトです！
3,とても役に立ち凄く助かります。
3,トラブルや疑問に思ったことを即質問でき、多くの人から即回答頂けるので、私にとってはかなり利便性の高い場所です。
3,どんな些細な事でも気軽に質問ができ、日常生活で結構役立っています。
3,どんな些細な悩み、相談、質問にも答えてくれる、カウンセラーのようなもの。  まぁ、心無いカウンセラーもたまにはいますが。
3,なんでも辞書
3,なんでも分かってしまう辞書、アンケートの場のような存在
3,ニックネームを使うようになって、嫌な回答が少なくなったと思います。みなさん、きちんと丁寧に回答しているようです。前は質問すると、必ず傷つく答えがあり嫌でした。　これからも私も真剣に答えてあげようと思います。
3,ニュースカテ：世の中が自分と違う考え方に流れていく中で、少数派の意見も知ってもらえる場所。ふざけた質問もあるので気楽に回答できて、暇つぶしになっているのもこのカテ。  アウトドアカテ：スタイルが重視されて不本意ながら合わせている人に、古い感覚も知ってもらってリラックスして楽しんで欲しい。あとは、知ってる事は教えてあげようという単純な回答。  ペットカテ：自分が飼ってきた中で得た知識を、他の動物達の健康で幸せな暮らしのために役立ててもらう事ができ、それがペットロスの解消にもなっている。ペットカテは贖罪→献身の精神で参加してるかも。
3,ニュースより早く知れることなどあって便利で好きなところです。
3,ネーミングが気に入っています。  お互いに知恵を教えあいながら、コミュニケーションの場としても楽しんでいます。  レベルについての説明が不明確なので、目的や趣旨、計算方法などを明示していただきたい。現在のレベルは質問者優位で、レベルが高いから信頼できるというものとは逆の弊害があると思います。
3,ネットで検索するよりも確実にわかることが多い。    細かい自分にあった質問と回答が出来る
3,ネット上のご近所さんみたいな感じ。  ときにはとても詳しく答えてもらえるので本当に助かる。
3,パソコンも知恵袋も、初めて3ヶ月あまりですが、とてもこの知恵袋の    お陰で、毎日が、充実してより、いきいきした日々になりました。    60も過ぎて、この様なすばらしい事にであい、感謝してます。    少しの時間でも、出来ますとすぐ知恵袋をひらきます。    と、ともに私の質問や、回答が、たちまちのうちに、整理され、表示され    見ていてもここまで、してくださると思うと、なんてすごいし、嬉しい事だ    なあと、思います。知恵袋をおつくりになる皆様に、感謝もうしあげます。    これからも、目の前に質問者がいらっしゃると、思って、真剣に    考え、楽しく、明るく勉強させていただきたいと思います。
3,パソコン初心者なので操作等を詳しく聞くのに助かっている。    元々、悩み相談サイトが好きなので暇な時は見ている。
3,はまる。くだらない質問でもいいからやりたくなって。  気が付けば毎回２時間はやっとる。
3,ひまつぶし。  でも時には知識の宝庫で勉強になる。  でも回答に燃える時もあります。
3,ひまつぶし〜〜〜〜〜
3,ひまつぶしの場所  教養を深める場
3,ピンポイントでＱ＆Ａになってるからインターネットで全面的に探すよりも知恵袋で探した方が楽だしリアルな答えがかえってくるから便利。
3,ふとしたとき、知りたい情報を割りと正確に時間もかからず知ることができる場所。
3,ふとした疑問にすぐ答えを貰えるので大変助かってますが  ＩＤ公開にした事で、回答率が減り困っている。  以前の非公開の方が色々な回答が貰えて物凄く良かった。  確かに非公開にする事で、荒らしや意味不明な人たちがはびこってたが  そんなのは無視していればいいことだし、なにより幅広い回答が貰えて  良かった。  ＩＤ公開にしたら真面目な回答は確かに増えたが的外れが多くなった気がする。
3,ふとした疑問を解決できる場所
3,ふと疑問に思ったことを気軽に質問できる。又、始めは質問を多くしていたが最近は回答する事も増えて来た。でも訳の分からない投稿が多く（同じ人物）不快に思う時もある。
3,ふと疑問に思ったことを訊いたり、自分の知っていることを回答したりできるので、非常に楽しいです。でも、貢献度によってなにかインターネット上で有利（？）というか、得することがあればもっと良いと思います。
3,まさしく知恵袋です。  老若男女の意見が聞けるという場は、なかなかありません。  色々な意見を聞けるので楽しいし、タメになります。    あと、自己満足の場でもあります。
3,まさに知恵袋。。。
3,まさに智恵袋！  単純に知りたいことがある時に使うのはもちろん悩み事がある場合にも  いろんな人の意見や励ましをもらえるのは嬉しい。  手厳しい意見もあるけど・・。
3,ますます実際の人と人の関係を離してしまう場所。  今までは、たとえばわからないことがあれば誰かに電話をしたり話をして聞いたりしていたが、知恵袋があれば必要がない。    便利だけど、IDを公開する必要はなかったように思う。  回答者、質問者の立場では必要がない。
3,まだちょっと使い勝手になれない。  ユーザビリティーは、あまりよくないとは思う。
3,まだまだ知らない事が沢山あります。  「Yahoo!知恵袋」でどれだけ色んな事を教えて頂けたか  分かりません。  特に長年疑問に思っていた事が、ご存知の方がいらっしゃって  解決出来た時は本当に嬉しいです。    その他パソコンのトラブルや、旅行に行く時の色々なアドバイスなど、  大変助かっています。    本当にインターネット上にこういう欄をもうけて下さって  Yahoo の皆様に感謝しています。
3,まだ使い始めて1ヶ月もたたないかな？  芸能情報などどうでもいいこと、たくさん知識として仕入れています。  質問は、本当に困っていること、相談にのって欲しいことをしています。  答える方は、かなり自信がないとしていないかな？  もっと気楽に答えてもいいのかもしれないけど、詳しい人が多いから、  わざわざ私が答えるまでもないかって思ったりもしています。  でも、とてもまじめに利用しています。
3,マナーを相談したり、プライベートな悩み、些細なことも気軽に意見を聞けるので好きですが、貢献度稼ぎの迷惑投稿が迷惑です。そこを厳しくして欲しいと思います。
3,みんなが協力できる場所
3,みんなの「なんで？」を、  「そーなんだー」に変える場所。
3,もう少し手を加えればものすごくいいサーチエンジン。
3,わからないことがわかったりして気持ちのいい場でもある、見てておもしろい。
3,わからないことや、不安なことを素早く解消できる場。
3,わからないことをすぐに解決させるために利用。  また、自分の知っていることは教えてあげたい。
3,わからないことを何でも質問できる場所。自分の考えも述べられるし、質問者の役にたつのはいいことだ。ただ、怖い人がいるのでそれはいや。
3,わからないことを気軽に相談できるし、某掲示板のように、あまりたたかれることもなく、質問したりできるので、非常にありがたい場所であると思っています。
3,わからない事が一つ一つ解決していくので  本当に頭の中の知恵が増えています。  受験生なのですが、ほぼ毎日活用させて頂いてます。  これからも無料でご提供頂ける事を願っております。
3,わかりやすい辞典のようなもの
3,わりと助かる。
3,以前より健全（？）になった気がするが、無記名ではなくなったのでちょっと恥ずかしいけど聞いてみたい・・ぐらいのレベルの質問はしずらくなった。知恵袋を知った時にはなんて便利な場所があるのだろうと思ったけれど新しくなった今はその気持ちがちょっと薄れた。
3,以前より変な質問が減ったことは良いと思うけど、以前の方がみんな正直にきわどいことも質問したり回答したりしていたと思うので、何か味気ないような気持ちになることもある。
3,育児のストレス解消の場。
3,一言で言えば「情報を得る場」です。  自分が回答者の場合にも、その質問に対して他の人がどう答えるかなどもとても勉強になります。
3,一日に一回は覗かない気がすまないサイトになりつつあります。  色々ためになることもありお気に入りです。
3,一日の中で多くの時間をさいている  趣味
3,一般に知らないことがわかるが、欲しい回答が無いかも？  妊婦がいいよね。
3,何気なく見ていても何かしら面白い事が見つかって楽しめます。
3,何処にたずねたらいいのが解らないこと、すぐに知りたいこと、あまりにも無知で 今更 知人には訊けないことなどを教えてくれる場所。
3,家族や友達ではなく、本当に第三者の意見を多く求めたい時に非常に助けられてます。  家族や友達にいえないことでも、知恵袋でなら言えます。  ある意味「いこいの場」です♪
3,暇がつぶせて少し役に立つ情報が得られる、そんな場。
3,暇つぶし
3,暇つぶし、垣根の低い質問場所。
3,暇つぶし。
3,暇つぶし。
3,暇つぶし。簡単に調べたい事がわかる場合もある
3,暇つぶし。気分転換。  毎日の楽しみ。
3,暇つぶしにもなるし、勉強にもなる。
3,暇つぶしの割には、とても役に立つことが、あるから好きです。
3,暇つぶしの場所でもあり、分からないことを解決できる場であり、分からない方に教えてあげられる場。
3,暇な時間があればアクセスし閲覧・回答などをしている。    日常生活の一部分で１日１回はアクセスしないと落ち着かない。
3,解らないことを聞いて教えてもらったり、知らない事を知る事が  出来る大切な場所。ただID公開になって質問するのが抵抗ある  きつい事言う人がいるので何だか怖くなって質問したくなくなる  あらしとかもっと積極的に排除してほしい
3,回答してくれる、自分の意見を見てくれる、それだけで嬉しい。  見ず知らずの人たちだが、信用しまた、自分も誠意を持って回答している。
3,改定される前より使いにくくなった。  いくらIDでしてても、内容をみたらある程度推定されるから。やっぱり、匿名性っていうのがあったから人に聞きづらいこと(本当に重要で、周りの人にはきけないようなこと)も聞けたのに、と思います。ちょっと残念です。  忙しくなくなったら他の質問にも回答したいと思ってます。自分の得意分野で迷っているひとがいたらおしえてあげたいから。  でも、お金取るようになったら利用しないと思います。
3,海外在住で友達も少ない私にとっては  知恵袋の人たちは顔の見えない友達。  だけど、最近堅苦しい質問以外は  すぐ削除されてしまうので  つまらなくなりつつある。  以前のように『楽しく役に立つ知恵袋』であって欲しい。
3,皆が分からないこと、知りたい事を教えあえる所。
3,皆で楽しく利用できる知恵袋にしてほしいです。
3,楽しい。  でも、同じ質問や自分を偽って、変な質問をするような人（常習）がいて、非常に不快です。shopan_lobeとか。    ああいう人がいると、まじめに答える人の気持ちをそがれていやな気分になります。
3,楽しいし面白いです。
3,楽しいし役に立つ。
3,楽しいです
3,楽しい辞書
3,楽しい場
3,楽しい場です！
3,楽しい場所です。毎日訪れています。
3,楽しめる。  使える。  便利。  必要な情報が得られる（時がある）。
3,楽に質問・回答できる場です。  有料になったら使うのをやめます。
3,感情、感想付きの意見や、答えがもらえて、普通に調べるよりも楽しい。  やはり反応があるのがいい。難しい質問だと回答がもらえないから寂しい・・
3,簡単に　知らないことを　質問し、すっきりする場所。
3,簡単便利。
3,顔を合わせないため、自分の前にいる知り合いには聞きにくい質問や不安でも  気軽に他人からの意見が貰えてとても素敵だと思っています。  必ずと言っていいほど、自分にとってプラスになる意見を頂く事が出来るので  嬉しいです。他人の質問を見ることによっても自分の意見をしっかり言い表す練習にもなっています。
3,気の合う友人では、はっきり言ってくれない辛口のコメントや視野の広い意見がもらえます。また、専門家の方の意見もとても参考になります(例えば、医療に疑問を持っても、医師にたずねにくい雰囲気がある場合、利用しました）
3,気軽な豆知識サイト。  だが、現在は少々無法地帯化してきているようで残念。  カテゴリーやジャンルをもう少し整理して欲しい。
3,気軽な百科事典だと思います。
3,気軽に何でも質問できる！  結構自分にとって重要なものです。
3,気軽に質問＆回答できるいい環境だと思います。  これからもどんどん利用したいです。
3,気軽に質問が出来て色んな情報を得ることが出来る
3,気軽に質問できる。  どのように調べたらいいのか分からないことを質問できる。  確実な情報が得られる。  ただ、このような場があることによって「自分で調べる」と言うことが身につかないのではないか、とも思う。
3,気軽に質問できる便利なもの。
3,気軽に集まれる広場のようなもの・・・？寄せられる質問も真剣なものあり、興味本位のものありで幅広く面白い。規制が厳しく制約の多い環境よりも、もっと気軽なミーティングや雑談のような感覚で楽しめる場であって欲しいと思う。(チャットとはまた違った場で良いと思う。)
3,気軽に聞けるから楽。でも、ベータ版の時より来るのがだいぶ減った。前の方が来やすかった。
3,疑問に思ってことや知りたいことを気軽に聞ける場所
3,疑問や不安を取り除いてくれる、少し頼れる場所
3,疑問を感じたら即質問。返事がきたらラッキー。  自分がたまたま知ってる未解決の質問があればまあ答えてみるか〜。    という感じでやっています。
3,休憩時間的感覚がありますね。同じ悩みを持った人がいることに心強く感じ、不幸せな人を励まし応援し、落ち込んだり悩んだりしたときは皆に助けてもらったりして．．．時々ふざけた質問を見るとがっかりしますが．．．他の人を助けてあげる事はなかなか難しいですが、私自身沢山助けられていて、感謝しています。
3,急いでいて時間に余裕がない時に、なおかつ質問をしたいのに人がいなかったりした  時に、この知恵袋はとても便利です。また、知恵袋では全国の色々な人達に相談したり  質問したりできるので、身近な友人などにもらった意見とまったく違った意見をして  もらえたり、新しい情報を手に入れることができたりする場合もあります。  なので、この知恵袋は私にとってとても重要な場です。
3,駆け込み寺
3,駆け込み寺
3,憩いの場
3,結構ハマりました。
3,結構役立ってます。自分の知識内で他の方に役立ててもらうのもありがたいです。  利用の方が皆さんケース　バイ　ケース　と思ってくれてると良いですね。
3,嫌な回答、イタズラも多いけれど、それを超える利便さがある。
3,検索サイトなどを利用しても答えが得られなかったりしたことを気軽に答えてもらえそうで・・・。  又そんな場であって欲しい。
3,検索してもわからなかったり、調べるのに手間がかかる時に気軽に質問できる場。またよい回答ができた時には人の役に立てた気がして嬉しい。    ただ、IDが公開されるようになってからは生活のプライバシーを公開されている気がするので使いにくくなってしまった。人を傷つける書きこみをする人への対策かもしれないが、そういう内容のものは元から気にしないでいたので前のほうが居心地の良い場だったと思う。
3,見ず知らずの人に質問して、とても親身な答えが返ってきたとき  人間愛みたいな暖かなものを感じる。  だって、答えてくれる人はナーンの得もないのに、ほんとありがたい。  ここの人たちってお人よしだよね。でも、そこが好き。  自分が答えているときは、友達と話している感じで  私ならこう思うよとか、それってこうなんだよっ答えてる。  役にたってくれたら嬉しいし、他の人の意見になるほどと思うことも。  軽いけれど、人生の重みも垣間見るのが面白い。
3,見ず知らずの他人ともコミュニケーションが取れるありがたい場だと思っています。
3,見ず知らずの方達が世代を問わず意見交換のできる場所だと思っております。
3,見ているだけでも楽しい
3,言いたい事、聞きたい事を自由に出来ると言いたいが、１１月から変わってしまって以前と比べると品行方正過ぎて面白みが無い。心のもやもやとかストレスの発散場所だったんだけど。
3,個人サイトやブログよりも、他人とのコミュニケーションがとれる場だと思います。しかも本音に近い言葉で。
3,広辞苑よりもつかえる辞書的存在です。笑
3,貢献度はいらないから、アンケート雑談カテにBAを選ばせてください。
3,今すぐ知りたい！っていう時に素早く回答をもらえたり検索して回答が得られるので、便利な場所。
3,今のYahoo!知恵袋は、「解らないことは誰かに訊く」「知っていることは教えてあげる」という日常的な知の体験を、WEB上で「気軽に」行うことができるコミュニケーションの場所だと思います。でも、この「気軽に」というのがやっかいで、なんでもかんでも書き込めてしまう雰囲気があるんですよね（それ自体悪いことではないのですけれど）。正式版から、「投稿の匿名性が」排除されたので、ちょっと敷居の高い掲示板、といった印象を受けます。  以上のコトから、今のYahoo!知恵袋は、Q＆Aの場ではあっても、「ナレッジーサーチ」の場であるとはどうも思えないのです。サービス全体的に「調べてから質問する」という導線が薄いからです。  まずは、  -検索オプションの強化  -検索結果ページの強化  -カテゴリの追加・整備  を行っていただきたく思います。  プロジェクトの方もご存知の通り、検索エンジンだけを利用し、限られた時間内に的確な回答に辿り着くのは難しい時代です。  Yahoo!知恵袋がその有力な情報検索手段の１つとなるためには、サービス内にもう少し、「ナレッジサーチ」を意識した強化を取り入れるべきではないでしょうか？  （ちと、生意気な発言でしたが、知恵袋を応援していますよ！）
3,今のところ確実に質問の答えが返ってくるので便利だと思います。
3,今の私にとっては、心の支えと言っても、過言ではありません。  パソコン初心者の私が、初めてしたおそるおそるの回答に、  思いがけずBAを貰い、（こんな私でも、人様のお役にたてるんだ）と  何か、生きる力を貰ったようでした。  知恵袋は、私の心強い味方です。  困った事がある時、誰かが助けてくれる。  本当に、嬉しいです。
3,今の私には、なくてはならないもの。
3,今の知恵袋は　まさにお互いの知恵の利用のみ  以前の知恵袋は　グチやちょっとくだらなく思えるような日常の悩みも話せたので　非常に救われた部分（特に子供の障害などについて）がありました
3,今回初めて知りました。  あたしも質問を送ってみたいと思いました。  皆さんで助け合いできたらいいですね。
3,今更、知り合いに聞けない事でも親切に教えてもらえて助かります。  たまに心無い返事をもらう事もありますが、あまり気にならないくらい  大好きです。
3,今更聞けないことでも、聞ける。
3,困ったこと、知りたいことがあったらまず知恵袋を検索してみる。オールマイティーな辞典として利用している。また、自分の知っていることで役に立てるのであれば協力したいと、自己満足ではあるが、人助けの場としている。
3,困ったときに、対処方法を調べられる場。
3,困ったときには、助けてもらえたりする。    いろいろな意見が聞けて参考になる。
3,困ったときに助けてくれる優しい場所です。特に人間関係のことなどについて悩んでいるどきに、またそれが知人には言えない問題の場合、大変助かっています。
3,困ったときに利用する。回答は暇なときに。。
3,困ったときの、相談役であり、また、自分と同じような悩みを持った人との社交の場。
3,困ったときの「知恵袋」頼み、です。
3,困ったときの駆け込み寺
3,困ったときの寺子屋的存在です。
3,困ったときの神頼み的の知恵袋です。
3,困った時にすぐ回答してくれる場所
3,困った時の救急箱
3,困った時はいつでも強い見方になってくれる頼もしいところ。
3,困った時や、辛い時、寂しい時、暇な時、質問をしたり回答をしたりしています。  どんな状況でも人に相談したかったり、本当にわからなくて質問をしたり、人の質問に少しでも力になれたかもと感じたりすると、充実感や、人と繋がっている気持ちがしてうれしく思えます。  私自身、仕事も忙しくてなかなかYahoo!知恵袋には来れません（閲覧・回等する）が、少しでも一人の時間があると必ず来ます。  こういった場所がある事は私にとってはとてもうれしい事です。
3,困っている人に体験談やアドバスで役に立ってもらえればうれしいので  自分がどれだけ知っているか認識するところです。
3,些細な気になることがわかる可能性がある。  くだらなさすぎて誰も知らなそうなことでもわかったりするところ。
3,最初は仕事の合間の時間つぶしで参加していました。  いまではそんなことはありませんけど…とにかく楽しいです。
3,最初は単なる暇つぶしでしたが、そのうちに質問をし始めて、今はいろんなことに役立たせていただいています。  特にパソコン関係は、詳しい人が多いので、助かっています。
3,雑学の宝庫。
3,参考、勉強になる有意義な場。
3,仕事の間の暇つぶし。  手っ取り早く自分の知りたいことを知ることができる貴重な場。
3,子育て中の為、つかの間の休息
3,私にとって知恵袋は、たかが知恵袋されど知恵袋！！
3,私の知らないことを知っている人がいかにたくさんいるかということを知りました。    私の知っていることで役に立つのなら教えてあげたいです。
3,持ちつ持たれつ
3,持ちつ持たれつ。。。
3,時を選ばず、詳しい人に質問ができて、自分が知っていることも役立てるコミュニケーションの場所。便利です。
3,時間が空いたとき立ち寄る場所。と言いつつライフワーク化していますが。  自分が知っていることを知りたがっている人はいないか、  自分の知らない（知りたい）ことを質問している人はいないか、  また、ふと疑問に思ったことを誰か教えてくれないか、  と、しょっちゅう覗きにきます。
3,時間つぶし  困った時、悩みがある時の頼れるところ  家にいる時に、誰かとコミニュケーションができる
3,時間つぶし。
3,時間つぶしかな。それで人の役に立てれば嬉しい。
3,時間つぶしに最適  でもつい真剣に回答したりして没頭してしまう  それが楽しい
3,自分が思っている以上に参加してる人も多く、たいてい何かしら詳しい意見を聞くことができるのでまさしく知恵袋だと思う。
3,自分が身近に抱えている問題を他の人も持っているんだな…と感じられる場所。  知っている範囲内で回答して、少しでも役に立ってもらえたら嬉しい。  大げさに聞くほどのものではないけれど、知りたいな…と思った内容を質問できる場所。
3,自分が知らない事・知りたい事をYahoo!知恵袋で教えて貰ったり、質問に答えてベストアンサーを貰ったりで、うれしいし、すごく為になり助かります。  ヤフーオクションでは、落札専門でしたが、  色々なルールとかトラブルが起きないようなやり方・対処法とかを、みんなの質問・答えを参考にして、出品できるようになりました。
3,自分が道に迷った時アドバイスを頂ける場所。  自分の知っている事で人にアドバイスできる
3,自分で調べて知る努力をしない人が多い、と言うか、安易に質問している人が多いと思う。　同じ質問が毎日のように出るのはどうかと思う。  男性女性、自分を明らかにしない質問、自分本位な質問のしかたはマナー違反だと思う。　私が楽しいのは、同じ質問に対して、多くの意見があるということ。勉強になる。　重いのは勘弁してほしい。
3,自分で調べれば答えがわかりそうな事でも、質問すればすぐ回答を頂きありがたいです。逆に質問を見ていると、自分で調べろとか、こんなつまらない事質問して・・・と思う事も多々あります。  しかし、知恵袋の役割は持ちつ持たれつ、自分の知識を誰かに差し上げる、知らない事は教えて頂く、そんな、みんなで楽しめる場所であって欲しいと思います。
3,自分と他人の知識を効率よく共有できる場所です。
3,自分にない知識を得る時に、他人の意見も聞けて  自分の独りよがりにならず　とても良いと思って知恵袋を使っています。  それにやっぱり、自分が発した質問に答えが返ってきたり  回答にＢＡがつくと自分の全然知らない人とも繋がっている感じがして、とても楽しいです。
3,自分のちょっとした疑問に答えてもらったり、深刻すぎて知ってる人に言いにくい問題を解決、アドバイスをもらうと元気がでます。だから自分に回答できる事は回答して行きたいと思ってます。
3,自分の確認をする場所
3,自分の気持ちを整理できる場。
3,自分の思ったことや感じたことを素直に書けて楽しいです。  これからも利用していきたいです。
3,自分の思ったことを書ける自由な場。  交流場。ストレス発散法の一つ。
3,自分の書いている文字だけでは伝わりにくいところもありますが、  励まされたり、知らないことを教えてくれたり、  良い意味でコミュニケーションツールだと思います。
3,自分の精神を安定する事ができる場だと感じています。  悩みごとがあっても安心して相談できる人は限られて  いるので、ここに質問する事で助けられたことは  多いです。今後も利用していこうと思っています。  今は知恵袋を始まる前と比べると少しずつですが前向きに  なってきているような気がします。  ベータ版から正式版に意向するにあたり、ＩＤ非公開では  なくなる点で心配していましたが逆に良い意味で改善された  ようで嬉しく感じています。
3,自分の知らないこと、知らない世界を知ることができる。  自分だけの意見ではなく、他の人の意見の聞くことができるので  勉強になっています！
3,自分の知らないことや知りたいことが即座に分かる場所
3,自分の知りたいことを質問することで、自分が考えていた以上の答えや考え方を知ることができる。  また自分が回答するときに、他の回答者の答えをみて「こんな視点があったのか」と思えることも多く、とても勉強になる。
3,自分の知識を活用できる場です。
3,自分の知識を高めるにはもってこいの場所。
3,自分の知識を深める場所。
3,自分の知識を増やせて、自分の知識を相手にも教えてあげる事ができる。
3,自分の中の不安や疑問が、全くの第三者によって回答されるので実際の身近な社会の人間関係の人に聞くだけでなく多くの率直な意見が聞けるので参考になる。中には悪質な回答もあるが、けっしてインターネットだけの世界だけに限らずのことなので、違反回答はできるだけ早急に対応してほしい。
3,自分の欲しているものが得られそれと同時に  相手にもそれ同様に欲しているものを与えられる場
3,自分も他人も知りたい情報を得られる、さらに見ているだけでも知識が得られる場所。そして貢献度による達成感と、自分でも役に立てるのなら……と言う安心もついてくるのでとても良いです。
3,自由な質問形態であり、他人に訊きたくても訊けないことも訊けるため助かります。
3,自由に、気軽に、質問や回答が出来る場所。
3,辞書みたい!!
3,質問して色んな方から回答がくるので嬉しいし参考になる。ベストアンサーに選んでもらえた時すごく嬉しい。
3,質問しやすい
3,質問を気軽に出来る場所です。
3,社会人として我慢したり、ちょっと違うなと思っても相手に合わせる生活をしていると疲れるときがあります。  そんな時、知恵袋は自分の思ったことを正直に言えて発散？できます。    また、自分が知りたいことができたとき気軽に質問できて、即いろいろな方から回答がもらえるのが嬉しいです。  同意してくれたり、励ましてくれたり、反対に叱咤されたり・・なるほど！  ありがとう！と思いながらいつも見ています。
3,社交の場。世界中の日本人と情報を交換しあえる。
3,手っ取り早く悩みが解決されるところ。
3,手軽な検索ツール
3,手軽に、疑問を持ったことでも不特定多数の人に聞けるのがいい。  また、いちいち回答に対する、返答をしなくてもいいので、楽。
3,趣味です
3,周りには聞きずらい事をインターネットだととても聞きやすいんでこれからも使っていきたいなって思う♪
3,初めて「Yahoo!知恵袋」に質問を投稿したとき、返ってきた回答のくわしさに感激しました。私にとって「Yahoo!知恵袋」は、とても頼りになる存在です。
3,少なくとも今のところは、知らない人が親身に答えてくれる親切な場所。これから、非常識な人が増えるかもしれないという不安もある。
3,常識的な物や　専門的な事で　自分の周りに聞きづらい事を　ここでは教えてもらえて　本当に助かります。  回答する時にも　他の方の回答を見る事で　また自分も考えさせられたり　教わる事もあります。  本当に便利で　使い易いです。
3,情報を知りたい時に役に立っています。  誰かに聞いてみたいことや一般的な考えではどのような考えなのか知りたいときに自分の狭い周囲でなく全国の様々な環境にいる方の意見が聞けるので参考になります。  ただ、心ない回答で質問者を罵倒したり中傷したりする人がいるので  そんな人は回答してほしくないです。  不快な回答の投稿で投稿率の高い方は一定の期間出入り禁止にして欲しいです。
3,情報屋みたいなものです。
3,情報共有の場所。
3,情報交換サイトのひとつ。    質問の答が早く得られるのでよく利用していたのですが、最近は遅く、また、回答が少なくなりました。少し残念です。  また、どんな場であるかという質問から外れるのですが、質問した回答に対して補足などが出来るようにして頂けるととても助かります。  質問が投げっぱなしになってしまい話が噛み合ない、質問の意図が間違って伝わってしまう事があるので。
3,情報交換の場、自分がわからないと思った事でも誰かがそれに答えてくれるという素晴らしい場だと思います。
3,情報交換の場。
3,情報収集。情報提供の場。
3,情報収集の場
3,情報収集の場
3,色んな意見を参考にする為。あるいは不安事項に確信を持つため。
3,色んな考えの人がいる場所。迷った時に色んな回答がくるので参考にしています。
3,色々なことを調べる所。  回答の制限とかがあって微妙ですが。
3,色々な意見交換の場  知恵をもらえる  知ってる事を教えてあげれる    特に心の悩みを少しでも解決して　あげれればできればうれしい（特に子供達）  老人の介護の悩みも（私も介護しているので）少しでもお互いが情報交換ではないけど　理解している人がいるって解るだけで　楽になれるから　力になりたい    うつ病になって　ココで沢山の人のおかげで私も　今回復に向かってる  そんな同じような人の助けになりたい
3,色々な人の考えがわかる場所
3,心のオアシス。感情のある辞典。
3,新しい発見の場  問題を提起される場  疑問を解決する場  自分の意見を出せる場  少しでもひとの役に立てる場  同時に、ひとを怠慢にさせる場。
3,深夜であっても話相手がいる感じ。  いろんな人がいるなって、思う。  だから、連絡が取れたら良いのに、って思うけど、  実際行動に移すかどうかは、はっきり言って解らない。  自分の問いかけに対して答えてくれる人がいるってのは、  感謝ですね。
3,深夜の暇つぶし
3,身近な情報源の１つ＾＾
3,身近な人に聞いても明確な回答、結果が得られない時に、色々な方の意見が聞けることが非常に助かります。  ただ、新しくなってからＭＹ知恵袋の表示方法があまり好きではありません。自分が回答した質問がＭＹ知恵袋から見ることが出来ないことが出来ないからです。
3,人が自由に意見を言ってくれるところ
3,人にものを教えることは自分の知識を深めるので、自分のために楽しく知恵袋に参加しています。
3,人に言えず悩んでいたときに顔を出さずに質問でき  励ましてもらえてありがたかった。
3,人に聞きにくいことも聞ける。  回答が早い。
3,人間観察。。。？　こういう人もいるんだなっておもしろい。
3,迅速な情報源であり、また、相談、コミュニケーションの場でもあります。。仕事でも、普段の生活でも、ほんと役に立ちます。ただ、不愉快な質問、回答を見かけると、残念でたまりません。
3,世の中にはいろいろな人がいて、いろいろな考えがあると再認識させられる。狭い世界で生きているのでとてもためになるし、面白いと思います。
3,世間と上手くコミュニケーションが取れるようになりたいので、  その訓練の一環。    レベルが上がると楽しいです。
3,凄く便利だし、良いヒマ潰しになってます☆ただ新しくなって前よりもかなり繋がらなくなってるのでなんとかして欲しいです・・・
3,制度が変わってからだいぶ減りましたが、くだらない質問や、残念な回答があり嫌な気分になるときも有ります。親切な回答をしてくださる人にはとても感謝！ですが・・・
3,生活の全ての場で困った時に、これほど頼りになるサイトは他にない。特に緊急に知りたい時に、比較的スピーディに回答がもらえるので、本当に安心する。何度助けられたか分からないぐらいです。また一般論じゃない、本当の意味での知恵が貰えるのは有り難い。現状のシステムは前より荒らしが減って使い易くなりました。ちょっと安心です。
3,専門的な質問にも答えが返ってきて、びっくり！したこともあります。助かりましたよ
3,専門的な知識を得るのにもってこいの場所。    ふと、知りたくなっても、専門的な知識を持っている人が回りにいない場合はかなり重宝しています。  周りの人に聞くのは少し気が滅入る事（人間関係）の相談もしやすいですね。
3,全ての正しいとは思わないが、参考になる答えが見つかる場所。
3,全国の人に質問ができ、いろいろな情報を得ることが出来る良いサイトだと思います。
3,素晴らしい所です。  自分で調べたり、友人や沢山の方に訊ねても分からないようなことが解決するので困ったときに頼りになる場であると思います。  また、最近リニューアルしてさらに使いやすくなったので、非常に嬉しいです。
3,素早い回答が得られて便利。  時々荒らしがいて非常に困る・不快な思いをすることもあるが・・・。
3,素直に人に物事を尋ねることの出来る場所。
3,素朴な疑問の答えを得る場。
3,息抜き。
3,息抜き。  人に聞くには面倒な事を気軽に聞ける。
3,息抜き。暇つぶし。
3,他の人達と知識を共有する場。
3,他人の回答や質問を見てその人の年齢や性格が想像できると面白い。
3,他人の考えを知ることが出来る。
3,他人の考え方を知り、理解するところ  ユーモアのセンスを見るところ  主義主張の違いを知るところ
3,他人の質問を見て自分で回答することによって、その人も役に立つし、自分にとっても自分の意見を考えなおすいい場だと思います。簡単に調べごとをしたい人から、心理方面に関心がある人まで幅広く使えると思います。
3,多種多様な意見を求められる
3,多種多様の知恵を質問も回答も出来るのでありがたいサービスです。
3,大切な情報源だし、気分転換にも「ヤフー知恵袋」はバッチリです。  「教えてグーより」入りやすいし敷居が高くなくて好きです。  いろんな事を知りたいし、いろんな事をアドバイスしてあげたいです。
3,沢山の考え方があることを身近に知ることかでき  やり方によっては刺激になり勉強になり  とてもいいと思っています
3,誰かに回答してもらったときにお礼が言いたかった事があるので、ベストアンサーに選んだ回答だけでもお返事が書けるようにしてほしい
3,知っている事や経験上の良い知らせ、情報を知りたい人、困っている人には  知っている限りお伝えしたい。    又、知らないでもう少し細かな情報を知っておきたい時には、「ＹＨＯＯ！知恵袋」におたずねしたいと思っています。    得点とか気になっていたのは始めの間だけで、今はどうしてレベルだけ上らないのだろう...と思っている程度です。
3,知らないことに対して、たくさんの人がアドバイスや方法を教えてくれるところ。  可能ならば、質問をしたあと、回答がついても、BAを選ぶまでは、質問も後追記できるようにして欲しい。
3,知らないことを教えてもらう場です。  でもカテゴリがわかりにくいです
3,知らないことを教えてもらったり、反対に教えてあげたり気楽にできる。  知らない人々と、あとくされなく触れ合える。  日常では人との付き合いの苦手そうな人を知恵袋で励ましてあげたい。  パソコンを楽しくしてくれる。
3,知らないことを知っている人が教えてくれるところ。  知らない人に知っていることを教えてあげるところ。
3,知らなかったことも興味がもてたりする。
3,知らなかったことを教えてくれる  知っていることを教えて自分の存在価値を確かめられる  大事な場所です。  誰ともわからない人の集まりだけどやっぱ最近の若いものにだって  まだまだすてきれんやつらはいるって思えます。
3,知りたいこと、分からないことを聞ける。意見を書いて賛同してもらいたい。人にも自分の知識を与えられる場です。
3,知りたいことがすぐに知れる場所
3,知りたいことが見つかるかもしれない場
3,知りたいことが必ずわかるし納得もできる答えが多くあるので、とても役に立ってます！これからもずーっと利用していきたいと思ってます。ひとつ言いたいことは、マナーの悪い部分もあるのでできるだけそれが起こらないようにしていけたらなぁということです。
3,知りたいことをすぐに簡単に知れる場。
3,知りたいことを知り、知ってることを教える場。
3,知りたい時に様々な人からの意見が頂けて助かっています。
3,知りたい情報がすぐにわかること。  自分の考え方が本当に正しのか、その道しるべになる。  悩んだときのアドバイスをもらえる。
3,知りたい情報を簡単に知ることができる場所。  また、複数の意見が時として聞ける場所。
3,知りたい情報を詳しい人たちが教えてくれる場です。
3,知り合いに聞けないようなことや、広いジャンルのことを知ることができるので、非常に便利だと思う。
3,知恵袋は私にとっては大変重要な情報源です。  近くに専門の人がいないようなものの質問にでも答えてくれるので、とても助かっています！！
3,知識の交流
3,知識の情報交換の場。
3,知識の泉。
3,知識を交換する場。
3,知識を高められる場所。
3,知識を高める場。
3,知識を集めたり、同じような悩みを持っている人がいることを確認できたりする安心する場所でもある。
3,知識を増やす場
3,知識を得る場
3,知識を得る場所。  自分の知っている事を教えてあげられる場所。
3,知的好奇心を満足させる場所。  自分の力で誰かの役になれたら、という自己満足を満たす場所。  知らないことをすぐに教えてもらえる便利な場所。
3,恥ずかしくて聞けないようなことでも、気軽に聞ける情報の場だと思います。
3,智恵が増えるとはあんまり期待していませんが、悩んでいることに励ましをもらったら本当に嬉しいです。  お年寄りと生活していないし聞きたいことがたくさんある中で質問に適当な回答が得られるのはありがたいし助かります。  今後も利用していきたいと思います。
3,頭に来る人もいますが、  人のやさしさに触れることが出来る場。
3,匿名で自分のいいたいことがいえる。  それがすごく嬉しいです。  これからも自由度の高い場として繁栄していって欲しいです。
3,日常の気になってしょうがない疑問や、今わかるといいなということが、すぐ質問できて非常に助かります。また、ベストアンサーに選ばれると、なぜだかとてもうれしいので、このシステムはいいと思います。
3,日々の中で生まれた疑問を解決する場所。
3,非常に気軽に、フト疑問に思った事を検索出来る便利な場所であり、  質問する事もあるし、回答する事もある。  暇な時の時間潰しにも非常に有効。
3,非常に便利なもの。今の生活に結構欠かせないもの？？
3,非常に役に立つ場だと思っています。
3,非常に有益な暇つぶしサイト。  でも、気付けばヒマじゃなくてもやってしまっている。  でも悪意のある回答や質問ばかり繰り返す人の対処は善処してほしい。  貢献度目当ての無意味な質問や嘘回答も。
3,必要な情報を見る所と暇つぶしに観に来る所
3,不思議な場です。  親切な人もいるし、感じの悪い人もいる。  わからないことだらけです。
3,不特定の他人の知識・意見・感想を幅広く収集できる場として利用させていただいております。  掲示板的な要素があるため、ここでの情報は客観的な視点から見ており、あくまで参考にする程度です。  ニックネーム公開により、ベータ版の頃より質問＆回答の質が上がったような気がします。  要望としては、マイ知恵袋のページの負荷を改善して下さい。
3,普段、疑問に思ってる事を気軽に質問できる場です。また、時には、人に聞いてもわからない事を専門的な知識で回答がもらえるので非常に役に立ちます。
3,普段きけないようなことも聞けてしまう場。
3,普段の生活で疑問に思ったことがあったとき、  些細な事なのだけれども気になる、そんなときに利用する場。    専門的なことや知恵袋のユーザーに聞いても  求めている答えが得られないような質問の場合は人力検索はてなを利用している。
3,複数のその分野に詳しい人から知恵を授けてもらえる、まさしく知恵袋
3,分からないことを、すぐに教えてもらえるまさに知恵袋！
3,分からないことを聞いたり、知っていることを答えたりする場。自分と同じ意見を持っている人に答えたりその答えに共感してもらえると嬉しいです。
3,分らないことを教えてくれる。
3,文殊の知恵
3,文章表現の場。
3,変質者的な質問を繰り返している人がいると嫌な気持ちにあるが、まともな方も多いので今結構はまっている。
3,便利
3,便利だけど、不快な」ときもある。。。仕方ないかな
3,便利です
3,便利でよい。すぐわかる。
3,便利なバ
3,便利な場。
3,勉強の場です。
3,本などで調べたりインターネットで調べるより、実際に経験してる人がいるのであれば、その方がリアルだし説得力がある！！
3,本当に緊急なときは役になっています。
3,本当に悩んでいることから、ちょっとした疑問まで、すぐに回答が得られ、とても利用しやすく、また信頼を置いています。たまに荒し？のような行為をする人や、くだらない質問をしたりする人、他人をバカにするような回答をする人がいるので、そのような人たちは、利用を制限して欲しいです。
3,毎日の楽しみ。息抜きの場
3,毎日の楽しみのひとつ。意外なことを知ることができたり、仕事中にＰＣの使い方で助けてもらったり本当に助かっています。    要望はどんどん新しい捨てＩＤを取得して荒らしたり個人攻撃があるようですのでその対策案があればなぁ・・・と思います。    雑談・ＡＡカテを作ったのは正解だと思います。可愛いＡＡの交換や投稿は知恵袋の息抜きに最高です。
3,毎日の日課、楽しみ、ストレス発散の場
3,明確な答えが見つかるだろうと思う質問をしているので知恵袋の存在は  便利です。  色々なアドバイスに別れどれかが間違いなのだろう・・・と不安になる時が  あります。    以前より少なくなりましたが，非常に不快な質問・回答（中傷やアダルト  的表現など）に対しては徹底的に規制して頂きたい。  子供も閲覧が可能なことをご理解下さい。
3,役に立つ場所。暇つぶしもできる。
3,癒し
3,友人や隣近所・周りの人だけではなく、ネット上の多くの人の中で、その知りたい事に関して知識に特化している人や、聞きかじりでも知っている人から情報をもらえる可能性が有るので、参考にするのに助かる。  恥ずかしくて面と向かっては人には聞けない初歩的なことや、マニアックな情報も得やすい。  ・・・が、残念ながら、得やす「かった」と言うのが、今の正直な感想。  レスポンスの速さと情報提供の多さが気に入っていて助かっていたが、今ははっきり言って質問へのレスポンスが悪いし、その分情報量も少ない。  匿名性の選択肢が有った頃は、質問する側も答える側も答えやすかったが、それがなくなってしまったので、特定のＩＤへの嫌がらせが不安、上記理由でここだから聞けたことが、同一ＩＤで他の系統の質問とかもしているので、今までの質問・回答履歴を勝手に覗かれてしまうのが判っていると、答えたくても質問したくても躊躇してしまう。  荒らし対策か判りませんが、匿名性については前の方が良かった。  項目が増えたり、ウォッチできたり機能が増えたのは◎
3,遊び８０パーセント、好奇心が殆どを占める。
3,様々な視点からの意見を見る事が出来る場所。  １つの質問にも十人十色の返答があり、面白い。
3,様々な質問や回答のある場所。
3,様々な立場の人の意見を気軽に聞くことができる、ネットならではの場だと思う。
3,旅行に行くときに色々質問させていただいて、ガイドブックにも載っていないことを教えていただきました。なにごとも経験者に聞くことに勝るものはないとおもいました。ありがたかったです。
3,料理カテはおばあちゃんの知恵袋でとえもありがたいです。  いろいろな情報が簡単に手に入るので楽しい。  反面、間違ってても訂正されないから重要な事は鵜呑みにはできない。  医療関係もみるが、質問者に「こんなとこにいないで病院へ行けばいいのに」と思うこともしばしば。  質問の再掲載ができなくて、回答がないときなど不便。  変な質問見たいなのは、もっと早く削除できないないものかと不思議。
3,良いコミュニティです。  本当に良い回答をいただいた場合には、直接御礼を言いたいくらいです。
3,励ましてもらったり叱られたり、たまにすごく不愉快なヤツがいて頭にくるけど楽しい。不愉快な質問・回答はすぐ削除して。